sec,centre_shift_px,size_top,size_bottom,count
0,0.0,1.0,1.0,467
1,3.0,1.002,0.997,432
2,-1.0,1.0,0.999,437
3,-17.0,0.994,1.003,433
4,-67.0,0.97,1.023,426
5,-156.0,0.919,1.062,417
6,-219.0,0.885,1.083,427
7,-234.0,0.879,1.086,434
8,-236.0,0.877,1.087,449
9,-242.0,0.875,1.087,445
10,-240.0,0.875,1.086,409
11,-237.0,0.877,1.085,453
12,-235.0,0.877,1.084,433
13,-233.0,0.878,1.083,417
14,-228.0,0.881,1.082,426
15,-223.0,0.883,1.081,424
16,-224.0,0.883,1.08,449
17,-227.0,0.881,1.081,444
18,-229.0,0.88,1.083,413
19,-231.0,0.879,1.082,406
20,-233.0,0.878,1.083,395
21,-232.0,0.878,1.083,426
