frame,vs_key,err_top,err_centre,err_bottom
93,0,1.8898686,0.71504396,2.7832527
186,93,2.6570022,3.7461624,5.3727837
279,186,3.1492686,4.5892625,11.868103
372,279,1.7468046,1.680664,7.9959416
465,372,1.5068121,2.0074716,2.5945919
558,465,1.8494834,1.2745644,0.6996137
651,558,1.8039687,2.188866,3.427505
744,651,1.2492632,1.3946981,1.7364296
837,744,1.6749159,1.5719092,1.8197203
930,837,1.085354,1.1302634,1.6642733
1023,930,1.1820974,1.0838561,1.1057082
1116,1023,0.77945346,0.93191904,1.0522676
1209,1116,0.77232116,0.67078197,0.98099124
1302,1209,0.7707621,0.88174444,0.5104777
