source,cutoff,grow_px,head_coverage,far_head_coverage,background_left
yolo26x_tiles640_1280,0.016,0,0.9081572769953051,0.7961500493583415,0.5699058641975309
yolo26x_tiles640_1280,0.016,20,0.9807805164319249,0.9506416584402764,0.46407664609053506
yolo26x_tiles640_1280,0.008,0,0.957306338028169,0.8958538993089832,0.5346640946502057
yolo26x_tiles640_1280,0.008,20,0.994424882629108,0.9837117472852912,0.43656687242798353
yolo26x_tiles640_1280,0.004,0,0.9785798122065728,0.9437314906219151,0.4914027777777778
yolo26x_tiles640_1280,0.004,20,0.9982394366197183,0.9945705824284304,0.4090524691358025
yolo26x_full1920_nmsTrue,0.011,0,0.9074237089201878,0.7838104639684107,0.5835663580246915
yolo26x_full1920_nmsTrue,0.011,20,0.9750586854460094,0.9363277393879565,0.49256275720164605
yolo26x_full1920_nmsTrue,0.0055,0,0.9485035211267606,0.8716683119447186,0.5628431069958848
yolo26x_full1920_nmsTrue,0.0055,20,0.9876760563380281,0.9684106614017769,0.4724701646090535
yolo26x_full1920_nmsTrue,0.0027,0,0.9738849765258216,0.9323790720631787,0.5428034979423868
yolo26x_full1920_nmsTrue,0.0027,20,0.994424882629108,0.9851924975320829,0.45459104938271605
