epoch,train_loss,val_mae,val_rmse,val_bias,best_val_mae,secs
1,1.952378001788424,83.32043476104737,114.52093517806135,-47.917983818054196,83.32043476104737,53.08474802970886
2,1.233895842689607,89.12818450927735,126.17110284017038,-71.43475036621093,83.32043476104737,47.420284032821655
3,1.7541213627904653,85.53418521881103,119.46523170015777,-58.81835384368897,83.32043476104737,48.33863282203674
4,2.0739390042713945,85.5975112915039,119.60653428902742,-59.136117935180664,83.32043476104737,47.90785551071167
5,1.5171539350102345,85.26602554321289,118.97199840060915,-57.87336463928223,83.32043476104737,48.29474186897278
6,2.3084952244121166,82.56992149353027,112.6269913825166,-43.40798149108887,82.56992149353027,47.97928166389465
7,1.652553421051966,83.75785121917724,115.93693455710267,-51.42297534942627,82.56992149353027,48.1272029876709
8,1.800958346699675,82.53283252716065,112.57788131575597,-43.369845390319824,82.53283252716065,48.417012214660645
9,2.2276161207093135,83.0470178604126,113.96584445302916,-46.89200839996338,82.53283252716065,48.28782248497009
10,1.84450966399163,82.71040172576905,113.0867538286268,-44.75883769989014,82.53283252716065,48.24781394004822
11,1.2879988270708256,85.42155685424805,119.37690624546003,-58.8962043762207,82.53283252716065,48.24155855178833
12,1.7720365573341648,85.17734928131104,118.91575740064611,-57.99071407318115,82.53283252716065,48.270671367645264
13,1.8338673825065295,86.29134902954101,121.16971252422793,-62.5124397277832,82.53283252716065,48.288082122802734
14,1.6768409120953744,84.92298202514648,118.45633563248307,-57.11148910522461,82.53283252716065,48.27416372299194
15,1.9380049981383813,87.32729053497314,123.10357554830097,-66.24080486297608,82.53283252716065,48.225698947906494
16,1.6342264226327339,85.30765438079834,119.24042934898596,-58.78599033355713,82.53283252716065,48.06815218925476
17,1.8940113864425157,85.36432723999023,119.3709326956381,-59.084873580932616,82.53283252716065,48.026278495788574
18,1.3275533276506597,85.14509105682373,118.95633343856167,-58.2756067276001,82.53283252716065,48.08685231208801
19,2.151649480147494,84.53940811157227,117.80539203731547,-55.92519569396973,82.53283252716065,48.242790937423706
