frame,official_A@0.5,ours_B@0.5,official_A@0.75
0,706.7718505859375,678.6048583984375,882.6593017578125
1,700.4166870117188,673.6171264648438,847.4005737304688
2,702.05419921875,670.11962890625,827.8238525390625
3,701.6524658203125,672.0178833007812,818.59814453125
4,704.9617309570312,681.6697387695312,833.5609741210938
5,708.8968505859375,679.9331665039062,813.6776733398438
6,714.2200317382812,688.0343017578125,818.7330322265625
7,710.248779296875,685.7120361328125,813.6483764648438
8,706.3931274414062,688.5291748046875,820.7763061523438
9,701.865234375,686.7568969726562,813.9288940429688
10,703.2376708984375,692.4913330078125,826.9690551757812
11,702.157958984375,690.09130859375,801.045166015625
12,695.9219970703125,692.6172485351562,797.8492431640625
13,698.49560546875,692.283935546875,790.71484375
14,700.5101928710938,697.8148193359375,805.5684204101562
15,701.6824951171875,691.1549072265625,791.5103759765625
16,700.755615234375,692.18505859375,795.7805786132812
17,703.2293701171875,691.9723510742188,793.4696044921875
18,702.0694580078125,699.1632080078125,807.225830078125
19,697.048095703125,693.6749267578125,790.525146484375
20,697.8619995117188,702.236083984375,804.564453125
21,703.306640625,700.7548828125,809.9959106445312
22,706.72607421875,701.4990234375,826.5956420898438
23,707.7623291015625,700.0784301757812,816.1152954101562
24,704.1869506835938,700.012451171875,818.54345703125
25,709.3824462890625,698.4342041015625,807.4884643554688
26,710.89208984375,701.9849243164062,812.8143310546875
27,704.9976806640625,697.093994140625,798.0653686523438
28,700.607177734375,695.785888671875,795.9745483398438
29,702.7457275390625,698.7923583984375,828.98388671875
30,705.9754638671875,698.1152954101562,834.3528442382812
31,701.474365234375,688.5958251953125,813.6532592773438
32,705.7086791992188,689.765625,817.0140991210938
33,703.3993530273438,689.0458984375,818.057861328125
34,702.3905639648438,691.8005981445312,830.41650390625
35,695.9141845703125,689.8306884765625,798.5313720703125
36,698.6382446289062,690.1525268554688,795.075927734375
37,696.884521484375,686.4028930664062,797.0843505859375
38,697.0455322265625,688.5377197265625,803.9241333007812
39,697.552490234375,682.7106323242188,790.7022094726562
40,698.6875,676.6371459960938,795.8456420898438
41,699.5349731445312,682.5506591796875,815.060302734375
42,694.1395263671875,679.2119140625,792.3311767578125
43,694.9672241210938,676.3731689453125,792.0560913085938
44,694.2030029296875,673.5555419921875,799.3939208984375
45,689.4324951171875,671.3517456054688,821.4065551757812
46,686.051025390625,666.0928955078125,800.3258056640625
47,684.6560668945312,666.94873046875,799.8717651367188
48,683.533203125,669.1856689453125,801.423583984375
49,689.4258422851562,671.6887817382812,812.995849609375
50,692.550048828125,669.478271484375,800.5228271484375
51,700.74072265625,676.2971801757812,805.078125
52,703.3018798828125,678.140380859375,801.3271484375
53,703.1473999023438,683.299072265625,823.0316772460938
54,705.3197631835938,682.02490234375,827.5181884765625
55,710.7335205078125,691.272705078125,854.5977783203125
56,712.6265869140625,688.0633544921875,845.5113525390625
57,713.3380126953125,691.2747802734375,858.2154541015625
58,720.62451171875,689.0389404296875,849.8258056640625
59,721.7756958007812,690.091552734375,859.34375
60,717.829833984375,690.2147827148438,861.2158203125
61,724.639892578125,692.453369140625,868.4158325195312
62,725.3251953125,690.0618286132812,854.7096557617188
63,725.4464111328125,687.3408203125,835.8406982421875
64,726.6073608398438,690.5696411132812,837.9754638671875
65,731.5220336914062,696.828125,845.064697265625
66,730.9216918945312,693.860107421875,829.15576171875
67,728.5389404296875,693.4454956054688,810.1971435546875
68,732.0697631835938,699.726318359375,810.3911743164062
69,734.45458984375,710.720947265625,824.44482421875
70,731.374267578125,705.53173828125,811.7557373046875
71,726.1180419921875,698.9877319335938,796.2689819335938
72,725.4520263671875,707.8134765625,810.2039794921875
73,725.5616455078125,708.288818359375,822.5512084960938
74,719.3973999023438,702.2954711914062,808.1634521484375
75,714.3878784179688,696.4140625,804.1505737304688
76,713.4307861328125,698.0623168945312,812.5733032226562
77,714.1011962890625,699.8834228515625,819.5728149414062
78,706.6727294921875,695.6181640625,807.67431640625
79,708.884521484375,691.585693359375,802.2128295898438
80,712.2027587890625,695.66748046875,808.8558959960938
81,712.072021484375,696.1924438476562,817.33154296875
82,707.88623046875,688.3466186523438,795.5821533203125
83,711.1362915039062,686.5646362304688,790.9085083007812
84,718.1970825195312,686.392333984375,799.4431762695312
85,717.5210571289062,689.7715454101562,810.751220703125
86,719.92138671875,689.858154296875,796.4789428710938
87,709.672607421875,688.7669677734375,789.577880859375
88,707.1302490234375,688.330810546875,800.3223266601562
89,709.0252685546875,694.3096313476562,814.919189453125
90,702.2411499023438,688.6668701171875,797.0885009765625
91,704.5650634765625,690.2188720703125,793.70751953125
92,705.380615234375,692.2613525390625,790.3170166015625
93,703.186279296875,695.45458984375,798.6475219726562
94,697.593017578125,686.0534057617188,786.2156982421875
95,702.2557373046875,686.1737060546875,781.64306640625
96,706.15576171875,685.8104858398438,787.188232421875
97,712.5547485351562,697.1849365234375,806.9322509765625
98,716.7435302734375,687.920654296875,788.2706298828125
99,723.379150390625,695.8206176757812,785.7935180664062
100,719.7744750976562,697.0806884765625,795.4502563476562
101,719.30126953125,700.11572265625,808.3154296875
102,715.0982666015625,689.9843139648438,791.7304077148438
103,711.0347900390625,696.2330932617188,792.2714233398438
104,715.6556396484375,702.6536865234375,788.4925537109375
105,722.3416748046875,712.3423461914062,798.7643432617188
106,715.44140625,706.91064453125,775.1511840820312
107,710.9388427734375,707.836181640625,765.590087890625
108,711.854248046875,707.8624877929688,769.0924682617188
109,713.5133056640625,713.24609375,799.467529296875
110,704.603759765625,705.0186767578125,783.3015747070312
111,700.1573486328125,704.1913452148438,779.5001831054688
112,697.0875244140625,705.2999267578125,793.6666259765625
113,699.069580078125,710.9415283203125,810.0565795898438
114,692.5299072265625,706.3677978515625,798.5252685546875
115,690.3076171875,706.075927734375,804.447998046875
116,693.9022216796875,709.1483764648438,853.096435546875
117,694.4923095703125,709.6145629882812,854.59375
118,695.4781494140625,702.5741577148438,820.69482421875
119,703.690673828125,699.725830078125,815.8134765625
120,700.0052490234375,701.87255859375,821.6951904296875
121,702.4560546875,706.43505859375,831.00634765625
122,695.8082275390625,692.3853759765625,806.5147705078125
123,692.769287109375,693.0306396484375,799.2056884765625
124,684.5662841796875,695.90478515625,807.0674438476562
125,681.1719970703125,695.99169921875,816.0905151367188
126,674.3574829101562,682.7799072265625,787.5796508789062
127,673.8294677734375,675.5699462890625,774.1052856445312
128,676.5479736328125,679.5345458984375,794.650634765625
129,675.9999389648438,685.4308471679688,799.714599609375
130,680.30908203125,677.4418334960938,774.4362182617188
131,677.3214111328125,672.8778076171875,780.9149780273438
132,683.953125,684.0106201171875,798.6727905273438
133,688.4924926757812,693.6616821289062,816.0485229492188
134,689.0924072265625,691.1785888671875,811.26904296875
135,695.38232421875,682.54638671875,778.197509765625
136,695.8809814453125,682.48681640625,778.0870971679688
137,701.7244873046875,680.7335205078125,795.59765625
138,701.2704467773438,679.373291015625,793.3045043945312
139,677.767822265625,669.8067626953125,777.2588500976562
140,678.03271484375,669.69580078125,777.3009033203125
141,689.9602661132812,680.315673828125,800.53271484375
142,688.7433471679688,678.9888916015625,797.094482421875
143,692.6219482421875,675.13134765625,774.8165893554688
144,693.204345703125,674.6090698242188,774.45068359375
145,711.0130615234375,684.0407104492188,802.8966674804688
146,709.783935546875,682.3097534179688,802.6978149414062
147,699.8892822265625,671.2620849609375,795.1574096679688
148,699.7677001953125,671.266845703125,795.4251098632812
149,692.406494140625,665.6925048828125,789.34130859375
150,690.8800659179688,664.6561889648438,788.4358520507812
151,688.5388793945312,663.5994873046875,765.572265625
152,689.1668090820312,663.69970703125,767.271484375
153,688.60498046875,678.798583984375,784.6849365234375
154,688.0152587890625,677.239990234375,784.3699951171875
155,678.2778930664062,673.644775390625,761.163818359375
156,677.5184936523438,673.3076171875,761.5899658203125
157,689.4125366210938,684.60888671875,794.4527587890625
158,689.4791259765625,684.6900634765625,794.415283203125
159,688.8238525390625,677.2305908203125,776.217041015625
160,689.4593505859375,677.7799072265625,776.81884765625
161,688.5318603515625,698.779052734375,804.20654296875
162,685.68310546875,696.193359375,799.78271484375
163,692.7371826171875,678.9293212890625,802.4800415039062
164,693.2976684570312,678.67041015625,802.5445556640625
165,693.3478393554688,693.2155151367188,831.6256103515625
166,693.3367309570312,693.1647338867188,831.6195068359375
167,679.2496337890625,675.6609497070312,798.33935546875
168,679.9853515625,675.832763671875,798.0255126953125
169,676.40771484375,681.5741577148438,812.1821899414062
170,676.4794921875,681.4812622070312,810.421875
171,676.0299072265625,676.2929077148438,791.0011596679688
172,675.9708251953125,675.9462890625,791.2498168945312
173,686.9569702148438,687.5975341796875,813.3988037109375
174,686.7218627929688,687.32080078125,812.8812866210938
175,673.6484985351562,668.6701049804688,778.2388916015625
176,673.5584716796875,668.76025390625,777.5670776367188
177,673.3877563476562,680.17578125,793.4287719726562
178,672.5454711914062,679.4671630859375,794.3953247070312
179,694.59423828125,675.0437622070312,788.9878540039062
180,694.376708984375,675.2010498046875,788.6824340820312
181,695.6434326171875,678.873046875,809.0712890625
182,695.548828125,678.8339233398438,809.0436401367188
183,689.2047729492188,669.536376953125,752.7468872070312
184,689.8968505859375,669.7254638671875,752.0518798828125
185,676.830322265625,667.65087890625,754.6760864257812
186,676.5401000976562,667.227294921875,752.9686889648438
187,685.468505859375,673.530029296875,754.7478637695312
188,686.0932006835938,673.447021484375,754.9608154296875
189,689.3965454101562,677.38037109375,795.5206298828125
190,689.3724975585938,677.367919921875,795.5543823242188
191,677.8406372070312,670.84814453125,750.1173706054688
192,677.7789306640625,670.8359375,750.0519409179688
193,693.1968994140625,681.8636474609375,768.4518432617188
194,692.7643432617188,681.7396240234375,767.6448974609375
195,674.0155639648438,683.15185546875,745.01025390625
196,673.745361328125,683.25341796875,744.7443237304688
197,689.8724365234375,679.19580078125,763.3671264648438
198,689.8172607421875,679.1535034179688,763.308837890625
199,675.6917724609375,671.8389892578125,723.3740234375
200,675.544921875,671.87353515625,722.45751953125
201,691.86572265625,689.5304565429688,742.6655883789062
202,690.9408569335938,689.221435546875,742.4134521484375
203,688.3238525390625,674.3176879882812,731.68408203125
204,688.4417724609375,674.6841430664062,731.7379150390625
205,690.2005615234375,671.9373779296875,777.7355346679688
206,690.15869140625,671.8927612304688,777.8011474609375
207,687.5191650390625,678.32763671875,742.7127685546875
208,687.0050048828125,678.44482421875,742.5136108398438
209,688.9124755859375,685.6064453125,762.927734375
210,688.70654296875,685.89453125,763.3335571289062
211,698.6748657226562,677.6837768554688,758.3421630859375
212,698.6805419921875,677.66748046875,757.8775024414062
213,689.1807250976562,682.7757568359375,771.2979125976562
214,689.2564697265625,682.8026123046875,771.2766723632812
215,683.23876953125,680.5374755859375,748.8211669921875
216,684.3361206054688,681.3716430664062,750.0057983398438
217,694.919677734375,690.4119873046875,773.3316650390625
218,694.69189453125,690.54150390625,773.50439453125
219,706.6807250976562,693.1827392578125,770.6085205078125
220,706.886474609375,693.3758544921875,770.7901000976562
221,695.6236572265625,678.8372802734375,789.4312133789062
222,696.2528076171875,678.4796142578125,789.85107421875
223,694.9094848632812,679.1103515625,769.796875
224,694.8802490234375,679.126708984375,771.956298828125
225,691.540283203125,675.7672119140625,786.7513427734375
226,690.9000244140625,675.45166015625,785.4649047851562
227,687.283935546875,672.46923828125,783.617919921875
228,687.6845703125,672.461181640625,784.5695190429688
229,690.7639770507812,686.335205078125,775.0974731445312
230,690.7200927734375,685.7589721679688,773.556396484375
231,696.1773681640625,677.4951171875,762.5886840820312
232,695.9549560546875,677.375244140625,762.5966186523438
233,693.9309692382812,678.1220703125,799.2803955078125
234,703.776123046875,675.1671142578125,770.4095458984375
235,690.3616943359375,662.599365234375,757.14111328125
236,686.1898193359375,654.476318359375,776.072509765625
237,689.947509765625,671.9771728515625,792.4937133789062
238,675.466796875,669.7342529296875,760.03564453125
239,670.1226806640625,672.6637573242188,765.6134033203125
240,665.1862182617188,661.707275390625,775.4598388671875
241,674.77001953125,672.2658081054688,805.1129150390625
242,656.80712890625,653.7794799804688,757.6240844726562
243,674.404296875,664.2036743164062,755.9774169921875
244,677.178466796875,665.4102783203125,768.6526489257812
245,691.7173461914062,668.41015625,775.716796875
246,672.182861328125,652.3455200195312,759.6439819335938
247,668.0011596679688,653.218017578125,768.9692993164062
248,679.6326293945312,658.681884765625,770.9456787109375
249,670.3709716796875,670.5025634765625,801.5301513671875
250,665.224853515625,674.5715942382812,842.7785034179688
251,663.3263549804688,663.7041015625,800.2328491210938
252,657.031494140625,674.2913208007812,783.3792114257812
253,657.318115234375,666.045166015625,803.004150390625
254,674.1669921875,672.05712890625,813.2315063476562
255,670.7789916992188,660.9659423828125,771.8316650390625
256,675.3699951171875,664.004638671875,769.5111694335938
257,691.157470703125,672.57666015625,770.2268676757812
258,696.7351684570312,687.091796875,804.5530395507812
259,678.5614624023438,671.9070434570312,781.36767578125
260,675.268310546875,677.05517578125,761.6967163085938
261,669.366455078125,679.54541015625,755.0712890625
262,694.0286865234375,693.2192993164062,769.9843139648438
263,663.5614013671875,675.952880859375,738.1343994140625
264,673.634765625,673.091796875,748.6687622070312
265,680.0203857421875,678.3753051757812,763.0558471679688
266,696.909423828125,692.8807983398438,772.2594604492188
267,694.923828125,675.17333984375,739.9733276367188
268,688.032470703125,672.3869018554688,738.0750732421875
269,698.968017578125,675.7958374023438,724.9503784179688
270,691.8807373046875,671.4415893554688,758.6795654296875
271,677.4771118164062,650.319580078125,738.3405151367188
272,658.7750854492188,656.4034423828125,729.3748168945312
273,655.2116088867188,651.1292724609375,735.3765869140625
274,673.5086669921875,671.5874633789062,770.8095092773438
275,660.849609375,640.6309814453125,712.757080078125
276,677.9815673828125,644.6458740234375,725.1483764648438
277,662.4200439453125,639.6336059570312,746.4583129882812
278,661.016845703125,652.5897827148438,777.1068115234375
279,657.2891845703125,628.0008544921875,754.3125
280,665.362548828125,645.821044921875,766.2078247070312
281,655.974365234375,644.1820678710938,769.8123779296875
282,656.7415771484375,658.1746215820312,834.6195068359375
283,644.6828002929688,646.849609375,792.0036010742188
284,644.1484375,650.260498046875,797.1876220703125
285,644.8600463867188,643.023193359375,786.4613647460938
286,655.2548217773438,648.67529296875,818.8460083007812
287,661.1380615234375,634.9561767578125,782.42578125
288,645.140869140625,643.0648193359375,772.6482543945312
289,646.5721435546875,646.539794921875,778.7694702148438
290,655.8736572265625,646.0394287109375,813.15283203125
291,663.8800048828125,633.138916015625,776.4471435546875
292,648.0516967773438,639.0650634765625,752.4318237304688
293,641.21923828125,634.510498046875,763.5651245117188
294,649.0458374023438,641.5601806640625,808.2234497070312
295,647.7733154296875,629.2591552734375,747.2120971679688
296,644.0082397460938,637.3656005859375,750.1163940429688
297,640.888916015625,632.249755859375,763.7608032226562
298,654.2179565429688,640.615234375,795.1597290039062
299,633.8583984375,620.69775390625,757.1134033203125
300,639.7950439453125,637.7572021484375,747.9033813476562
301,632.8526611328125,633.7249755859375,757.9111938476562
302,634.2655029296875,645.1376953125,781.8107299804688
303,636.9857177734375,623.1360473632812,747.2913208007812
304,639.407958984375,634.9537963867188,765.8740234375
305,631.91796875,629.5905151367188,764.4429321289062
306,648.0419921875,645.927978515625,800.7247924804688
307,628.38720703125,630.6906127929688,755.2576904296875
308,642.3126220703125,624.4700927734375,769.7376708984375
309,640.453369140625,617.4185180664062,764.279541015625
310,655.3959350585938,641.605224609375,805.67724609375
311,643.56689453125,612.1768188476562,750.0590209960938
312,638.465576171875,616.3251342773438,745.7094116210938
313,638.2100830078125,620.015625,734.0661010742188
314,637.2799072265625,629.85791015625,772.6766357421875
315,631.2908935546875,615.489013671875,747.5440673828125
316,632.3927612304688,619.9470825195312,746.450439453125
317,638.8380126953125,609.6212768554688,736.5651245117188
318,642.6192626953125,624.5216064453125,763.3536376953125
319,633.0284423828125,621.73828125,745.0386962890625
320,618.051025390625,614.5626220703125,745.1005249023438
321,634.2694091796875,609.6319580078125,744.916015625
322,627.1505126953125,627.6175537109375,771.3280639648438
323,639.3182373046875,612.50048828125,762.3969116210938
324,634.9493408203125,616.5184326171875,745.1148071289062
325,623.479248046875,609.412109375,745.4194946289062
326,621.6507568359375,625.1468505859375,758.951904296875
327,618.6839599609375,614.0592651367188,732.0272827148438
328,609.417724609375,594.6506958007812,727.1502685546875
329,615.51611328125,600.7396850585938,733.6895751953125
330,616.8026123046875,612.4905395507812,753.5487060546875
331,609.3443603515625,604.3231201171875,726.4194946289062
332,621.001220703125,610.0533447265625,729.8305053710938
333,622.5068359375,615.619140625,742.2757568359375
334,628.86083984375,620.207275390625,763.06396484375
335,629.64501953125,604.7451171875,740.1605834960938
336,633.2921142578125,611.0172119140625,734.03662109375
337,638.6153564453125,609.0325317382812,738.9306030273438
338,638.0159301757812,623.378662109375,760.9241943359375
339,638.7247924804688,612.6519165039062,751.5262451171875
340,632.304931640625,604.2362060546875,743.2916259765625
341,640.67431640625,599.93896484375,742.611328125
342,638.6484375,616.7764892578125,736.738037109375
343,633.9780883789062,595.0374755859375,729.6687622070312
344,632.4232177734375,582.141357421875,749.2250366210938
345,634.4340209960938,582.04150390625,738.0223999023438
346,647.1761474609375,592.44775390625,776.3602294921875
347,633.3603515625,581.3681640625,726.9244995117188
348,640.6822509765625,578.0931396484375,729.6890869140625
349,629.2233276367188,579.2946166992188,719.765380859375
350,640.7583618164062,588.4432373046875,753.2302856445312
351,625.8216552734375,575.74755859375,718.5601196289062
352,623.2342529296875,581.8978271484375,718.6771240234375
353,627.3927001953125,585.2996215820312,718.333251953125
354,642.3179931640625,593.9562377929688,750.7811279296875
355,624.4817504882812,578.2579956054688,716.998291015625
356,635.8953857421875,585.30859375,711.8900146484375
357,634.1298828125,577.0986328125,729.2391967773438
358,637.484619140625,601.1715087890625,748.40673828125
359,623.814208984375,590.926025390625,735.658935546875
360,636.0343627929688,597.414794921875,732.3271484375
361,637.510986328125,592.7560424804688,736.72607421875
362,640.2388916015625,596.9948120117188,759.44384765625
363,628.454345703125,586.2347412109375,732.293701171875
364,645.2030029296875,596.9786376953125,749.2476196289062
365,629.45556640625,580.744384765625,716.4429321289062
366,628.2015380859375,596.390625,736.6517944335938
367,623.825927734375,591.3226318359375,741.8652954101562
368,636.305908203125,603.9381103515625,760.7721557617188
369,629.6605224609375,594.362548828125,715.5496826171875
370,618.455810546875,597.9385375976562,714.35546875
371,609.810302734375,591.6236572265625,710.3972778320312
372,619.50244140625,607.1565551757812,733.4161376953125
373,612.7174072265625,593.7857666015625,718.9892578125
374,610.2872314453125,595.9981079101562,713.7514038085938
375,604.283203125,593.1417236328125,702.7870483398438
376,618.7701416015625,606.9461059570312,730.5584716796875
377,612.4157104492188,605.540771484375,708.3680419921875
378,597.4290771484375,603.7923583984375,712.3169555664062
379,600.0897216796875,606.3204345703125,720.0048828125
380,608.7140502929688,611.4552001953125,747.212646484375
381,593.7190551757812,599.2348022460938,719.902587890625
382,593.0067749023438,595.5421142578125,706.2125244140625
383,593.0328979492188,603.3043212890625,699.1721801757812
384,592.325927734375,611.129150390625,722.8231201171875
385,590.9498901367188,604.008056640625,711.478271484375
386,581.6228637695312,594.8348388671875,703.2687377929688
387,586.542724609375,597.418701171875,713.7621459960938
388,594.75537109375,598.5641479492188,726.6420288085938
389,592.3389892578125,597.4564819335938,712.054931640625
390,586.470703125,595.2022094726562,707.9998168945312
391,590.4749145507812,599.3093872070312,716.5364990234375
392,597.5491333007812,599.1439819335938,726.841064453125
393,597.0408935546875,601.029541015625,718.3582763671875
394,593.252197265625,598.9725341796875,709.6636352539062
395,592.8408203125,601.09326171875,709.0842895507812
396,599.7649536132812,604.7374267578125,718.3346557617188
397,600.0704345703125,602.6558837890625,709.8842163085938
398,602.6646728515625,602.8338623046875,732.7515258789062
399,609.8192749023438,602.5197143554688,730.7512817382812
400,606.924560546875,603.3980712890625,749.0778198242188
401,610.614501953125,604.4732666015625,733.7759399414062
402,618.117919921875,610.9947509765625,743.6980590820312
403,621.1865844726562,606.8538208007812,745.9140625
404,618.128173828125,607.4303588867188,755.782470703125
405,621.5258178710938,603.3609008789062,743.1673583984375
406,625.486083984375,603.329833984375,745.057861328125
407,627.4657592773438,600.5459594726562,734.8565673828125
408,630.50439453125,602.6203002929688,740.2083740234375
409,635.5029296875,600.4622802734375,747.022705078125
410,636.916259765625,598.9026489257812,760.4225463867188
411,642.3626708984375,594.2493896484375,753.721435546875
412,639.9342651367188,593.9127807617188,756.3342895507812
413,637.2608032226562,597.3626098632812,748.23193359375
414,630.6123657226562,602.0668334960938,766.33984375
415,628.6146240234375,597.253662109375,750.2807006835938
416,630.55859375,598.804443359375,750.93408203125
417,631.3368530273438,598.05859375,749.921630859375
418,635.939208984375,599.3941040039062,763.177978515625
419,633.008056640625,595.8657836914062,762.1617431640625
420,632.9715576171875,601.6004028320312,770.2625732421875
421,633.5548095703125,599.2554931640625,766.0471801757812
422,635.1524658203125,603.4810791015625,764.3404541015625
423,637.529052734375,606.35009765625,765.5158081054688
424,638.3865966796875,607.5471801757812,773.231201171875
425,645.4085693359375,611.6568603515625,767.6098022460938
426,646.989013671875,614.73486328125,779.7943115234375
427,641.839111328125,609.7526245117188,768.119873046875
428,634.7940673828125,606.743896484375,767.78125
429,634.7003173828125,610.0343017578125,772.4764404296875
430,628.9979248046875,608.7405395507812,772.507080078125
431,627.2235107421875,611.44091796875,787.86279296875
432,621.268310546875,610.16552734375,777.1653442382812
433,628.8404541015625,613.1990966796875,776.7552490234375
434,631.2593994140625,611.761474609375,771.6649780273438
435,634.7056884765625,613.1546630859375,778.6185913085938
436,634.09521484375,607.1756591796875,776.7879028320312
437,634.952880859375,609.0030517578125,785.8903198242188
438,630.5934448242188,607.4959106445312,778.4696044921875
439,630.8921508789062,610.89306640625,780.3914184570312
440,624.4408569335938,605.4721069335938,762.7893676757812
441,622.4678344726562,604.8333129882812,768.19921875
442,623.515869140625,602.2755126953125,758.4163818359375
443,627.769287109375,608.6361083984375,760.0778198242188
444,625.45458984375,606.7113037109375,759.5985107421875
445,625.397705078125,608.607177734375,773.0487060546875
446,621.068359375,604.955810546875,766.2581787109375
447,624.5450439453125,606.0609130859375,772.5930786132812
448,626.6607055664062,598.364013671875,750.6315307617188
449,629.1314697265625,598.6619873046875,750.6323852539062
450,627.5029296875,599.7255859375,757.2048950195312
451,626.396728515625,600.1649169921875,761.3436889648438
452,625.55859375,601.1989135742188,752.5743408203125
453,629.5474853515625,603.4909057617188,756.5886840820312
454,625.853515625,602.1648559570312,741.5596313476562
455,622.2333984375,602.1144409179688,746.3515014648438
456,627.1943359375,600.1067504882812,751.5066528320312
457,628.9720458984375,599.3027954101562,756.256591796875
458,629.5126953125,597.69970703125,738.6005859375
459,628.7708740234375,594.4712524414062,733.5884399414062
460,627.17041015625,597.3684692382812,734.3812866210938
461,628.0155029296875,597.3504638671875,727.0054931640625
462,632.6949462890625,600.0145874023438,737.3724975585938
463,619.4852905273438,594.2692260742188,729.7575073242188
464,617.6229248046875,591.214599609375,732.0499877929688
465,606.9104614257812,582.7805786132812,725.604736328125
466,621.3717651367188,590.08447265625,738.800048828125
467,626.051025390625,591.6685180664062,732.9755249023438
468,631.3599853515625,595.9188232421875,745.556396484375
469,632.2723388671875,592.454833984375,721.4656372070312
470,631.7462158203125,595.2523803710938,720.6460571289062
471,632.0635986328125,595.2243041992188,719.6007080078125
472,630.576904296875,595.8302001953125,728.129150390625
473,629.716552734375,592.23291015625,712.29150390625
474,628.86572265625,593.0949096679688,713.9356689453125
475,628.5927734375,593.365478515625,714.0966186523438
476,630.8156127929688,597.7803344726562,727.7699584960938
477,625.889404296875,597.3465576171875,716.5317993164062
478,621.7799072265625,606.2535400390625,725.150390625
479,620.083251953125,596.006103515625,711.2311401367188
480,618.9015502929688,598.1100463867188,724.7222900390625
481,619.0393676757812,594.64990234375,717.1947021484375
482,621.5859375,595.0594482421875,724.5335083007812
483,624.9557495117188,592.055908203125,726.84521484375
484,625.0888671875,597.5372314453125,751.1011352539062
485,628.3848876953125,599.2962646484375,731.3493041992188
486,631.43115234375,599.519287109375,737.677490234375
487,631.7416381835938,598.979248046875,744.9049072265625
488,630.0145874023438,599.039794921875,753.3534545898438
489,630.1216430664062,589.64013671875,742.1798095703125
490,630.26953125,589.58984375,742.2395629882812
491,630.65478515625,587.55517578125,756.904052734375
492,630.81689453125,587.5194091796875,757.034912109375
493,626.4140625,574.26416015625,725.098876953125
494,625.94580078125,574.0834350585938,725.0846557617188
495,629.5684814453125,579.9992065429688,740.3834228515625
496,629.6376953125,580.121337890625,740.5170288085938
497,624.4544067382812,580.1126098632812,728.8076171875
498,625.2747802734375,580.774169921875,728.590087890625
499,635.2022705078125,589.1615600585938,743.4505615234375
500,624.8916015625,584.1781005859375,749.1123046875
501,621.6513671875,582.4624633789062,724.5084228515625
502,622.0938720703125,582.178955078125,723.8665161132812
503,620.9149169921875,578.1952514648438,725.6158447265625
504,620.4058837890625,578.0569458007812,725.9048461914062
505,618.126953125,578.29150390625,714.26318359375
506,618.4574584960938,578.3976440429688,714.643798828125
507,625.1036987304688,581.222412109375,717.6633911132812
508,625.04931640625,581.0138549804688,717.6549072265625
509,606.9061279296875,574.550048828125,697.9778442382812
510,606.7974243164062,574.7479858398438,697.8023681640625
511,595.078857421875,573.9122314453125,707.194580078125
512,595.2530517578125,574.0396118164062,707.59716796875
513,588.9618530273438,572.39013671875,698.0402221679688
514,589.6826782226562,572.5201416015625,696.697021484375
515,592.85546875,578.8491821289062,710.8154907226562
516,593.0219116210938,578.9640502929688,710.7942504882812
517,587.442138671875,565.5286865234375,668.1009521484375
518,587.5860595703125,565.8129272460938,667.5526123046875
519,586.4423217773438,561.518310546875,676.5360717773438
520,586.629150390625,561.2977294921875,676.6773071289062
521,589.6683349609375,564.69091796875,671.8856811523438
522,589.0755004882812,564.7662353515625,671.4842529296875
523,592.2977905273438,570.5574340820312,687.0281982421875
524,592.2860107421875,570.669189453125,686.8964233398438
525,582.0132446289062,572.0924072265625,662.1608276367188
526,581.6657104492188,572.3550415039062,662.016845703125
527,586.8832397460938,577.9825439453125,670.4891967773438
528,586.8892822265625,578.1432495117188,670.8192749023438
529,589.2666625976562,576.1986083984375,659.6171264648438
530,589.2752685546875,576.0830078125,659.8892211914062
531,592.03564453125,575.3458862304688,671.3764038085938
532,592.3826293945312,575.6038208007812,671.4697265625
533,578.9149780273438,571.5568237304688,657.0311279296875
534,579.0413208007812,571.5615234375,657.0707397460938
535,578.2821655273438,571.4008178710938,652.5265502929688
536,578.2747802734375,571.3258666992188,652.4845581054688
537,571.369873046875,571.4049072265625,655.6415405273438
538,573.3433227539062,571.755126953125,658.90478515625
539,570.1282348632812,577.74267578125,726.7445068359375
540,570.0541381835938,577.6591796875,726.4398193359375
541,564.059814453125,572.4852905273438,687.9923095703125
542,563.93115234375,572.5673828125,687.7218017578125
543,564.7718505859375,578.237548828125,687.5499267578125
544,565.582763671875,578.6134033203125,682.5564575195312
545,556.9711303710938,580.4554443359375,677.9389038085938
546,556.6751708984375,581.028564453125,677.5631713867188
547,554.3300170898438,591.0012817382812,711.2527465820312
548,554.198974609375,591.0146484375,711.1918334960938
549,555.991943359375,584.5166625976562,682.14794921875
550,555.1580810546875,584.6511840820312,682.2527465820312
551,566.8011474609375,589.442138671875,697.3023071289062
552,568.59765625,589.413818359375,695.8871459960938
553,577.018798828125,583.614013671875,700.4979248046875
554,576.9573974609375,583.2200317382812,701.5770874023438
555,582.4844970703125,591.2716064453125,741.201416015625
556,582.46142578125,591.0968017578125,741.0866088867188
557,585.1312866210938,577.5994873046875,719.1383666992188
558,584.6416625976562,577.2951049804688,718.460693359375
559,578.7732543945312,580.3670043945312,723.446533203125
560,578.9652099609375,581.0104370117188,722.4227905273438
561,575.2501220703125,575.652099609375,714.2826538085938
562,575.70068359375,575.9131469726562,716.4437255859375
563,576.8721923828125,585.9866333007812,749.8309936523438
564,577.1173095703125,586.1082153320312,749.876708984375
565,571.043212890625,571.3291625976562,715.820556640625
566,570.9332885742188,570.6309814453125,717.2042236328125
567,572.130859375,573.2743530273438,715.66064453125
568,572.0870971679688,572.2916259765625,711.6813354492188
569,564.8853759765625,569.1998291015625,694.0867919921875
570,565.830322265625,569.7939453125,695.2027587890625
571,568.098388671875,584.2623291015625,723.8634643554688
572,567.9931640625,584.3424072265625,723.7156372070312
573,572.8458862304688,572.287109375,682.2430419921875
574,572.3525390625,572.4635620117188,682.2545166015625
575,583.4464111328125,580.413330078125,695.8935546875
576,582.9052124023438,579.3978881835938,693.79541015625
577,582.4342041015625,575.7901611328125,692.5985717773438
578,581.79736328125,575.665283203125,693.4279174804688
579,590.651123046875,583.798095703125,727.4459838867188
580,590.3980712890625,583.7783813476562,727.2424926757812
581,581.52294921875,571.1426391601562,688.6082153320312
582,580.7756958007812,571.7265625,688.1980590820312
583,578.7123413085938,572.9012451171875,688.4903564453125
584,579.8500366210938,572.228271484375,688.218505859375
585,575.993896484375,559.671875,679.3331909179688
586,576.6505737304688,559.630859375,680.3662109375
587,572.539794921875,564.1782836914062,712.0820922851562
588,572.5098266601562,564.1193237304688,712.146240234375
589,577.5418701171875,558.3700561523438,680.7219848632812
590,577.8132934570312,558.413330078125,681.1785888671875
591,585.3511962890625,568.797607421875,698.9207153320312
592,583.91259765625,568.3404541015625,698.64697265625
593,582.2471923828125,571.6519165039062,691.5452880859375
594,580.8814697265625,571.6083374023438,692.3462524414062
595,572.4791259765625,578.3382568359375,728.568603515625
596,572.4849243164062,578.4105224609375,728.4949951171875
597,573.2874145507812,572.6651000976562,696.914794921875
598,574.7008056640625,572.0195922851562,697.52685546875
599,576.47607421875,573.7535400390625,695.8191528320312
600,576.31982421875,574.4059448242188,692.6995239257812
601,568.5894775390625,567.868896484375,684.6119384765625
602,568.6078491210938,567.8514404296875,684.9356689453125
603,564.487548828125,573.734375,693.6615600585938
604,565.10498046875,573.1597900390625,693.7677001953125
605,575.167236328125,579.0623779296875,682.674560546875
606,575.3635864257812,579.1384887695312,683.7135009765625
607,572.5348510742188,586.4649047851562,693.91650390625
608,572.0745239257812,586.0548706054688,693.39501953125
609,571.7614135742188,587.60107421875,682.1541748046875
610,570.150146484375,587.0155639648438,683.2725219726562
611,570.4892578125,589.2600708007812,698.7807006835938
612,569.99853515625,589.0030517578125,698.1351928710938
613,568.9561157226562,591.0960693359375,692.551025390625
614,568.642578125,591.0292358398438,691.6546630859375
615,570.1727294921875,594.1654052734375,704.7308349609375
616,570.854736328125,594.0071411132812,703.9841918945312
617,586.37841796875,593.422119140625,694.677978515625
618,586.2975463867188,593.5279541015625,695.7293090820312
619,580.1868286132812,598.044189453125,712.8671264648438
620,580.337890625,598.1219482421875,712.5460815429688
621,582.4310913085938,589.7254638671875,698.693359375
622,583.61181640625,589.8720703125,698.9827270507812
623,584.9292602539062,588.1258544921875,710.6524047851562
624,584.8196411132812,588.817138671875,710.64013671875
625,579.551513671875,584.88818359375,692.313232421875
626,579.6714477539062,585.644775390625,693.426025390625
627,582.553955078125,595.1771240234375,707.9808959960938
628,582.3937377929688,595.1710205078125,707.8811645507812
629,587.2435302734375,589.7659301757812,696.7086791992188
630,587.6287841796875,589.6993408203125,697.0494384765625
631,608.3040161132812,598.3292236328125,712.9097290039062
632,606.5614624023438,597.8483276367188,713.2466430664062
633,610.8668212890625,595.9966430664062,707.2263793945312
634,610.4591064453125,596.270263671875,706.7516479492188
635,617.9280395507812,594.8204345703125,722.4971923828125
636,617.786865234375,594.8329467773438,722.5926513671875
637,612.7818603515625,584.744384765625,712.5455932617188
638,613.454833984375,584.78662109375,712.810791015625
639,610.54345703125,588.8820190429688,726.2440795898438
640,610.3301391601562,588.30517578125,725.9169921875
641,602.178955078125,581.074951171875,709.9185791015625
642,602.0367431640625,580.6407470703125,710.8839721679688
643,612.946533203125,589.1280517578125,733.470703125
644,612.9037475585938,588.7960815429688,732.6585083007812
645,612.8043823242188,580.7852172851562,711.9557495117188
646,612.137939453125,580.697509765625,711.595703125
647,613.94677734375,583.4376220703125,716.5422973632812
648,615.1077880859375,583.9840698242188,715.681884765625
649,608.2467041015625,580.1466064453125,693.6006469726562
650,608.8931884765625,580.8172607421875,692.0679931640625
651,610.1644287109375,584.2876586914062,707.69140625
652,610.1841430664062,583.9037475585938,707.7453002929688
653,604.6103515625,583.9228515625,707.54052734375
654,604.770263671875,583.7791137695312,707.58837890625
655,609.13818359375,600.5888671875,743.466064453125
656,608.8104858398438,599.9963989257812,744.3143920898438
657,608.5003662109375,602.5667114257812,727.8316040039062
658,608.4534912109375,603.0074462890625,727.1013793945312
659,612.4893188476562,617.0648193359375,744.8968505859375
660,611.6156005859375,616.5423583984375,744.7367553710938
661,618.5155029296875,611.5343627929688,727.3340454101562
662,618.4561767578125,611.2155151367188,727.993896484375
663,622.4140625,618.6612548828125,756.0438842773438
664,621.7539672851562,619.2705078125,754.3895874023438
665,621.7650146484375,614.184326171875,750.0899658203125
666,622.486083984375,614.7578125,749.8709106445312
667,631.7530517578125,627.8682861328125,782.2940673828125
668,631.9257202148438,627.733154296875,782.1781005859375
669,633.727294921875,613.80419921875,757.0152587890625
670,634.00927734375,613.823974609375,757.325927734375
671,628.071533203125,616.5233154296875,764.6030883789062
672,627.980224609375,616.3887329101562,763.9081420898438
673,616.2113037109375,611.4254760742188,749.886962890625
674,617.2666625976562,611.3241577148438,751.6543579101562
675,614.913330078125,613.80615234375,784.1288452148438
676,614.6954345703125,613.9318237304688,784.0733642578125
677,606.2344970703125,607.7171630859375,759.14501953125
678,605.8017578125,608.5233154296875,758.2015380859375
679,601.1925048828125,609.3189697265625,759.3502807617188
680,600.820068359375,609.5567626953125,759.0625
681,597.5782470703125,610.4251708984375,749.5462646484375
682,597.1318969726562,609.875732421875,749.5650634765625
683,614.1578369140625,619.9537353515625,770.5046997070312
684,614.226806640625,620.0120239257812,770.4346313476562
685,611.957763671875,618.7578125,736.2523193359375
686,611.8779296875,618.73046875,736.1543579101562
687,609.9420166015625,622.2833251953125,734.3917236328125
688,610.40478515625,622.3907470703125,733.1797485351562
689,614.2427368164062,617.8555908203125,729.67626953125
690,614.7987670898438,617.9237670898438,729.2719116210938
691,617.0775146484375,623.5238037109375,759.4027709960938
692,617.01123046875,623.42578125,759.3285522460938
693,614.3739013671875,614.4859619140625,724.71630859375
694,614.5814208984375,614.5498657226562,723.4353637695312
695,614.9729614257812,618.6831665039062,729.7388305664062
696,614.420654296875,618.4547119140625,728.406494140625
697,611.4619140625,615.3800048828125,717.134765625
698,611.2073974609375,615.34521484375,716.77197265625
699,629.3656005859375,622.483154296875,739.5535888671875
700,628.87255859375,622.3665771484375,739.32421875
701,618.476318359375,611.67333984375,722.0847778320312
702,618.1744384765625,610.828125,722.6368408203125
703,615.55322265625,606.9981079101562,718.1325073242188
704,615.2288818359375,607.0258178710938,718.7073974609375
705,599.1800537109375,596.5843505859375,712.329833984375
706,599.6608276367188,596.72607421875,713.0801391601562
707,597.005126953125,598.7730712890625,733.7578735351562
708,597.8165283203125,599.0050659179688,734.7020874023438
709,600.38720703125,592.6993408203125,717.4954833984375
710,600.4031982421875,592.8882446289062,718.241455078125
711,605.4948120117188,596.0221557617188,720.2030639648438
712,605.6677856445312,596.1306762695312,720.9788818359375
713,603.7135009765625,593.5629272460938,720.2378540039062
714,604.28271484375,594.1633911132812,724.3316650390625
715,602.0123291015625,598.300537109375,741.6021728515625
716,601.0640869140625,596.9578247070312,740.0232543945312
717,601.8349609375,586.7349243164062,719.7105712890625
718,603.11083984375,587.5487060546875,719.3128662109375
719,600.7142333984375,586.2762451171875,736.9498291015625
720,599.8126831054688,586.5198364257812,735.9749145507812
721,609.7208862304688,593.7261962890625,732.0966186523438
722,612.0086669921875,595.36474609375,734.6790161132812
723,615.97021484375,600.24267578125,747.5584716796875
724,615.8529052734375,600.0089721679688,747.6279296875
725,620.8084716796875,595.52783203125,725.6216430664062
726,621.3855590820312,596.1730346679688,725.6570434570312
727,636.9506225585938,599.0523681640625,738.84521484375
728,636.3924560546875,598.4234619140625,738.3446044921875
729,638.9851684570312,592.190673828125,735.1607666015625
730,639.2109985351562,592.436767578125,736.740234375
731,644.046875,602.7100830078125,760.2086181640625
732,644.10400390625,601.742919921875,758.9947509765625
733,643.2071533203125,591.27734375,735.9373779296875
734,642.5238037109375,591.36865234375,735.5076904296875
735,642.5076904296875,593.240966796875,743.8103637695312
736,642.7173461914062,592.205322265625,743.6353149414062
737,645.5595703125,589.4185791015625,734.5916137695312
738,645.382568359375,589.9505615234375,736.4580078125
739,642.1124267578125,593.360595703125,763.20263671875
740,642.2562255859375,593.3060302734375,762.7183837890625
741,649.6904907226562,585.977783203125,742.99951171875
742,649.4710693359375,586.136962890625,742.222412109375
743,650.0849609375,589.4573974609375,748.0818481445312
744,649.014892578125,588.8028564453125,747.9970703125
745,642.0097045898438,584.5831298828125,740.9420776367188
746,641.2858276367188,584.9511108398438,740.7769775390625
747,630.133056640625,592.04345703125,751.8136596679688
748,630.02001953125,592.1170654296875,751.908447265625
749,628.149658203125,586.5911865234375,756.4093627929688
750,622.94189453125,589.5857543945312,746.1989135742188
751,618.779541015625,587.5633544921875,735.2089233398438
752,619.0048828125,587.93115234375,734.7676391601562
753,619.7124633789062,598.5556640625,750.8054809570312
754,619.6353759765625,598.4255981445312,750.3737182617188
755,613.31982421875,597.327392578125,741.4127197265625
756,612.40673828125,597.636962890625,741.4755859375
757,614.455078125,600.0914916992188,734.2888793945312
758,614.4417724609375,600.0690307617188,734.4945678710938
759,605.9619140625,593.2418823242188,714.7838134765625
760,605.23779296875,593.3057861328125,713.877685546875
761,600.361572265625,600.4671020507812,739.1387329101562
762,600.3294677734375,600.2871704101562,739.0303344726562
763,603.6235961914062,597.6600341796875,722.1368408203125
764,603.4091796875,597.5865478515625,722.8076782226562
765,602.662109375,591.6493530273438,722.5084228515625
766,602.693603515625,591.65771484375,722.8434448242188
767,602.9324340820312,587.2716064453125,713.603515625
768,602.8973388671875,587.1060791015625,713.51416015625
769,616.9552001953125,588.7637939453125,727.548095703125
770,617.0245361328125,588.918701171875,727.6580200195312
771,622.850341796875,593.3529663085938,727.7892456054688
772,622.7493896484375,593.5331420898438,727.1831665039062
773,621.6077880859375,591.2402954101562,739.0048828125
774,621.5999755859375,591.2660522460938,739.0147705078125
775,625.4913330078125,592.2727661132812,752.038818359375
776,625.5726318359375,592.3255004882812,752.5171508789062
777,635.3468017578125,604.4727783203125,779.8140869140625
778,635.3731689453125,604.5362548828125,779.8920288085938
779,639.8912353515625,604.2491455078125,789.9077758789062
780,640.3642578125,604.1188354492188,789.2477416992188
781,633.9892578125,604.2666015625,794.66650390625
782,633.7130126953125,604.213134765625,794.470703125
783,633.0751953125,602.7078857421875,784.701171875
784,632.9044189453125,602.6671752929688,784.5572509765625
785,638.2018432617188,608.4229125976562,790.72216796875
786,638.100341796875,608.2884521484375,790.9398803710938
787,642.0218505859375,606.8482055664062,793.5353393554688
788,642.806884765625,607.1285400390625,791.68310546875
789,643.309326171875,604.4552001953125,784.9437255859375
790,643.43310546875,604.3470458984375,784.92236328125
791,626.3956298828125,603.9771728515625,768.4981689453125
792,626.3245849609375,603.9570922851562,768.56103515625
793,620.688720703125,594.2755126953125,752.8617553710938
794,620.627685546875,594.246826171875,752.8756713867188
795,612.0924072265625,597.23046875,773.4076538085938
796,611.985595703125,597.2646484375,773.4011840820312
797,608.8419189453125,588.3170166015625,751.4111328125
798,609.2369995117188,588.322265625,751.3569946289062
799,610.7594604492188,591.3665771484375,763.6644287109375
800,610.6552124023438,591.27197265625,764.207763671875
801,606.0091552734375,589.3553466796875,746.927978515625
802,605.9681396484375,589.1907348632812,747.113037109375
803,612.677001953125,590.2192993164062,774.5745849609375
804,612.732421875,590.15966796875,774.5532836914062
805,622.5791625976562,591.1187133789062,748.086669921875
806,622.1278686523438,591.0972900390625,747.8394165039062
807,621.6209716796875,598.3118286132812,756.662841796875
808,621.78515625,598.8001708984375,757.52783203125
809,628.9073486328125,598.5588989257812,748.4461059570312
810,628.8529052734375,598.7775268554688,749.0540771484375
811,636.4862060546875,604.4436645507812,777.693359375
812,636.3407592773438,604.4156494140625,777.7066650390625
813,632.102294921875,596.7821655273438,742.800048828125
814,632.2349853515625,597.2682495117188,743.697998046875
815,620.2208862304688,598.3846435546875,748.9922485351562
816,620.3856811523438,598.5466918945312,749.2694091796875
817,617.88037109375,595.652099609375,737.6693115234375
818,617.6969604492188,595.55224609375,737.5615844726562
819,615.6566162109375,602.02880859375,763.6425170898438
820,615.6859741210938,601.9263916015625,763.681640625
821,614.0787963867188,594.1231689453125,715.304443359375
822,614.35107421875,593.9097900390625,715.6427612304688
823,615.5646362304688,597.3075561523438,725.7542724609375
824,615.5341796875,597.120849609375,725.57958984375
825,608.5286865234375,597.700439453125,722.7740478515625
826,608.2168579101562,597.7020263671875,722.9329223632812
827,609.2902221679688,608.903076171875,754.0302734375
828,609.2318115234375,608.96728515625,754.0263671875
829,623.0670166015625,609.62109375,724.6239624023438
830,623.1190185546875,609.6544799804688,724.6661987304688
831,631.3985595703125,609.6647338867188,740.3539428710938
832,631.6653442382812,609.8191528320312,740.2910766601562
833,629.9381103515625,610.003173828125,751.16455078125
834,629.4540405273438,609.9847412109375,751.3546752929688
835,637.0772094726562,614.3024291992188,777.5213623046875
836,637.125244140625,614.388427734375,777.5116577148438
837,630.8402099609375,605.6614990234375,766.311767578125
838,631.8579711914062,605.223876953125,766.113525390625
839,626.8927001953125,604.4950561523438,780.3321533203125
840,627.0133056640625,604.8599853515625,780.4287109375
841,629.8338623046875,600.9021606445312,768.5571899414062
842,628.9913940429688,600.490478515625,768.0029907226562
843,631.6361083984375,615.2657470703125,788.5039672851562
844,631.671630859375,615.4376220703125,788.162353515625
845,618.662353515625,606.2310791015625,761.7802124023438
846,618.2695922851562,606.5812377929688,760.3912353515625
847,612.418212890625,607.8682861328125,765.3218994140625
848,612.56884765625,607.9129028320312,765.6277465820312
849,608.9971923828125,598.655029296875,751.6118774414062
850,609.375,598.553466796875,751.6472778320312
851,610.908935546875,603.1717529296875,769.870849609375
852,611.239501953125,603.0873413085938,769.735595703125
853,619.2254028320312,596.45654296875,743.9747314453125
854,619.7099609375,596.446044921875,744.135498046875
855,626.6561889648438,600.2779541015625,749.5426025390625
856,626.9520263671875,600.4484252929688,749.6940307617188
857,625.3715209960938,600.084716796875,739.233642578125
858,625.18603515625,599.8219604492188,738.588134765625
859,635.454345703125,605.5806884765625,755.7285766601562
860,635.6317138671875,605.565185546875,755.9271850585938
861,632.2476806640625,598.3861083984375,737.4315185546875
862,633.1971435546875,599.2059326171875,737.4869995117188
863,639.843505859375,599.3365478515625,744.1304931640625
864,639.671142578125,599.12255859375,744.0108032226562
865,632.3985595703125,598.25341796875,734.0692749023438
866,632.1944580078125,597.90673828125,734.007080078125
867,635.9649047851562,608.0704345703125,757.6951293945312
868,635.907958984375,607.8783569335938,757.7237548828125
869,638.6751098632812,602.0601806640625,738.9882202148438
870,639.0140380859375,602.0538940429688,737.7826538085938
871,636.103515625,604.8299560546875,736.9771118164062
872,636.0321655273438,604.9086303710938,737.0099487304688
873,633.6721801757812,602.739013671875,739.4468383789062
874,633.7993774414062,602.7546997070312,739.5363159179688
875,636.3489990234375,602.3004150390625,763.8026123046875
876,636.3866577148438,602.2928466796875,763.9036865234375
877,636.239501953125,599.0576171875,742.6655883789062
878,636.3908081054688,598.5413818359375,742.3701782226562
879,633.4427490234375,599.2887573242188,748.584716796875
880,633.3958740234375,599.1788330078125,748.0781860351562
881,623.4713134765625,592.1200561523438,734.4138793945312
882,623.5279541015625,592.1428833007812,734.0509033203125
883,633.3817749023438,602.56787109375,759.5282592773438
884,633.2977905273438,602.5355224609375,759.7501831054688
885,633.552490234375,603.4857177734375,755.734130859375
886,633.869140625,603.6608276367188,756.1647338867188
887,640.0117797851562,612.3839721679688,792.3507080078125
888,639.9542236328125,612.329833984375,792.3624267578125
889,636.0230102539062,617.5562133789062,781.8145141601562
890,636.0079956054688,617.4216918945312,781.9739379882812
891,640.7408447265625,630.1007080078125,816.0941162109375
892,640.6695556640625,630.1055908203125,816.174560546875
893,633.14453125,621.2847290039062,810.18359375
894,633.2727661132812,621.3204345703125,810.1652221679688
895,632.63623046875,613.699462890625,796.329833984375
896,632.4757690429688,613.53662109375,795.86181640625
897,631.91064453125,608.6416015625,801.30712890625
898,632.1112670898438,608.7838134765625,801.5372924804688
899,627.70263671875,607.4871826171875,802.9287109375
900,627.8485107421875,607.4817504882812,803.1286010742188
901,624.5272216796875,606.8308715820312,811.4605102539062
902,624.6165161132812,607.3470458984375,811.1409912109375
903,633.6524658203125,605.1185913085938,789.9331665039062
904,632.9169311523438,605.062255859375,789.957275390625
905,625.5662841796875,602.1608276367188,789.1378173828125
906,625.6255493164062,602.199462890625,789.1654052734375
907,621.3121948242188,600.29541015625,783.2438354492188
908,621.106689453125,599.9196166992188,783.010498046875
909,612.4766235351562,590.70556640625,781.5317993164062
910,612.297607421875,590.76416015625,781.9168090820312
911,608.25,589.4730224609375,775.2146606445312
912,608.34228515625,589.4365234375,775.2355346679688
913,612.35400390625,589.4801635742188,762.1235961914062
914,612.243896484375,589.380615234375,762.03076171875
915,610.8233642578125,586.9547119140625,752.9609375
916,610.83447265625,587.0117797851562,752.7638549804688
917,612.8069458007812,595.1134033203125,759.55517578125
918,612.8995361328125,595.2646484375,759.6217651367188
919,611.531982421875,594.49267578125,748.138671875
920,611.6918334960938,594.5469970703125,747.3820190429688
921,617.0302734375,598.291259765625,762.5010375976562
922,616.8870239257812,598.0396728515625,762.5604248046875
923,615.0780029296875,594.1608276367188,750.5818481445312
924,615.10107421875,594.25,750.1874389648438
925,617.6529541015625,596.8177490234375,762.068603515625
926,617.772705078125,597.1416625976562,762.1261596679688
927,612.777587890625,593.0436401367188,743.5450439453125
928,612.5775146484375,593.29833984375,743.7481689453125
929,614.179931640625,597.5670166015625,746.9275512695312
930,614.45361328125,597.6572265625,746.8399658203125
931,619.3040161132812,600.6798095703125,746.2770385742188
932,619.3053588867188,600.8842163085938,746.0317993164062
933,621.3580322265625,599.9080200195312,743.9650268554688
934,621.5226440429688,599.831787109375,743.9208984375
935,618.295654296875,593.86572265625,729.2047729492188
936,618.4307861328125,594.062255859375,729.8330078125
937,614.2470703125,596.1005249023438,737.156005859375
938,614.0928955078125,595.9925537109375,736.877197265625
939,611.9431762695312,593.900634765625,731.9823608398438
940,611.9415283203125,594.9678955078125,734.6038208007812
941,611.0537109375,600.035888671875,748.6534423828125
942,610.8416748046875,599.0491943359375,748.2313842773438
943,604.0675048828125,598.9141235351562,742.8978271484375
944,604.1744995117188,598.85498046875,743.7955932617188
945,620.370849609375,611.1565551757812,773.4112548828125
946,620.7049560546875,611.3233642578125,774.3010864257812
947,624.5999755859375,607.1083984375,775.5003051757812
948,624.834228515625,607.303955078125,775.3497924804688
949,623.0540771484375,601.4736328125,785.6011352539062
950,624.6464233398438,600.7415161132812,783.6625366210938
951,628.9222412109375,601.9862670898438,781.8018188476562
952,630.5018310546875,601.6473999023438,781.257568359375
953,637.9034423828125,606.2813110351562,807.4786376953125
954,638.0117797851562,606.417724609375,807.4209594726562
955,638.243408203125,607.815185546875,796.29150390625
956,638.3953857421875,607.376708984375,796.0569458007812
957,632.1027221679688,607.993408203125,800.888427734375
958,631.4935302734375,607.7774658203125,800.65673828125
959,626.7677001953125,605.4820556640625,786.0540771484375
960,628.1552734375,606.0640258789062,787.0655517578125
961,626.5467529296875,605.475341796875,802.9295654296875
962,626.7539672851562,605.7220458984375,803.168701171875
963,621.2139892578125,605.5892333984375,798.2786865234375
964,621.056640625,605.7868041992188,798.2147216796875
965,616.3367919921875,607.041259765625,795.1226806640625
966,615.4244384765625,606.5716552734375,794.244384765625
967,622.8499755859375,607.748046875,782.5345458984375
968,623.474853515625,608.0288696289062,783.7745971679688
969,631.8193359375,618.97216796875,798.4415283203125
970,631.8381958007812,618.9996337890625,798.439453125
971,635.9371337890625,618.7138671875,796.2286376953125
972,636.110107421875,618.69580078125,796.0819091796875
973,643.2366943359375,625.115966796875,801.4312133789062
974,644.1170654296875,624.5739135742188,800.2027587890625
975,644.614013671875,617.8126220703125,778.0679931640625
976,645.354736328125,617.890380859375,778.3375244140625
977,648.722412109375,624.7440185546875,779.5863647460938
978,648.2152099609375,624.7286376953125,780.0733032226562
979,636.6539306640625,625.4838256835938,768.240966796875
980,638.0077514648438,625.8810424804688,765.83544921875
981,641.6707763671875,629.4793701171875,766.1034545898438
982,642.13916015625,629.2606201171875,764.615478515625
983,634.004150390625,622.6328735351562,754.3446044921875
984,634.2518310546875,622.5110473632812,754.93994140625
985,639.8302001953125,627.349365234375,777.528564453125
986,639.716796875,627.5861206054688,777.0606689453125
987,644.383544921875,630.4080810546875,764.877197265625
988,644.896728515625,630.7313232421875,764.4888305664062
989,638.3865966796875,620.4486083984375,768.57568359375
990,638.064697265625,619.7562866210938,765.9306030273438
991,636.2567138671875,617.6748657226562,757.8010864257812
992,637.8316040039062,617.179931640625,758.0405883789062
993,640.27392578125,618.4957885742188,775.5576171875
994,640.3798828125,618.460205078125,775.091552734375
995,632.6988525390625,611.6090698242188,766.6400756835938
996,632.3489990234375,611.9370727539062,766.5069580078125
997,624.802490234375,617.5960083007812,782.794921875
998,624.742919921875,617.564208984375,782.8539428710938
999,634.757568359375,618.674072265625,784.805419921875
1000,630.9959716796875,617.484130859375,786.349609375
1001,631.520263671875,624.719970703125,796.7730712890625
1002,631.7640380859375,624.737060546875,796.5318603515625
1003,639.528564453125,640.8814697265625,800.0121459960938
1004,639.61865234375,640.7479858398438,800.3538208007812
1005,635.719970703125,632.4239501953125,810.1947021484375
1006,635.387939453125,632.0625,810.083984375
1007,625.8843994140625,627.4465942382812,792.8440551757812
1008,625.5545043945312,627.4757080078125,792.83837890625
1009,628.9171142578125,630.30615234375,785.9986572265625
1010,628.7109375,630.1932373046875,785.9180297851562
1011,640.01806640625,626.4617309570312,778.1438598632812
1012,639.9617919921875,625.8416748046875,778.0521850585938
1013,639.481689453125,627.888671875,776.8268432617188
1014,639.191162109375,627.5758056640625,776.5439453125
1015,632.4052734375,621.3001708984375,764.5462036132812
1016,632.4390869140625,621.3023071289062,764.3960571289062
1017,619.815673828125,610.4912109375,748.0965576171875
1018,619.9390869140625,610.6085205078125,748.0042114257812
1019,623.562744140625,613.1416625976562,774.8538818359375
1020,623.5700073242188,613.1806640625,774.8897705078125
1021,632.3605346679688,609.3969116210938,745.0692749023438
1022,632.1620483398438,609.4236450195312,744.9754638671875
1023,633.2406616210938,609.334716796875,748.9104614257812
1024,632.98583984375,609.3130493164062,748.6301879882812
1025,631.2178955078125,608.7129516601562,745.5458984375
1026,631.2465209960938,608.723388671875,745.5283813476562
1027,639.1900024414062,611.2368774414062,739.1998291015625
1028,638.528076171875,611.3915405273438,737.6181640625
1029,639.854736328125,606.8796997070312,740.0050048828125
1030,640.075439453125,606.968994140625,740.0809326171875
1031,637.1185302734375,606.1588745117188,722.4508666992188
1032,636.465576171875,606.6113891601562,723.0197143554688
1033,640.1542358398438,608.3171997070312,746.5916748046875
1034,639.9549560546875,608.4736328125,746.4776611328125
1035,636.73388671875,602.760498046875,748.9423217773438
1036,636.4649658203125,602.3500366210938,748.9361572265625
1037,633.394287109375,603.92138671875,743.9634399414062
1038,633.2637939453125,604.0905151367188,744.2090454101562
1039,632.8507690429688,599.9069213867188,727.1089477539062
1040,632.80078125,600.13916015625,726.9323120117188
1041,640.0436401367188,596.5181884765625,741.0612182617188
1042,639.944091796875,596.5126342773438,740.9810791015625
1043,649.9553833007812,595.5899658203125,738.8776245117188
1044,650.0299072265625,595.7850341796875,740.328369140625
1045,634.1788330078125,593.4110107421875,728.5391235351562
1046,634.0643920898438,593.4396362304688,729.4539794921875
1047,623.924560546875,589.30322265625,734.3568725585938
1048,624.0194091796875,589.19287109375,734.5372924804688
1049,624.1658935546875,589.7315063476562,735.7803344726562
1050,623.9888916015625,589.7920532226562,735.6353149414062
1051,624.250244140625,592.6600341796875,769.8473510742188
1052,624.261474609375,592.818603515625,769.4212646484375
1053,625.94873046875,590.1862182617188,752.6735229492188
1054,625.9541015625,590.3526611328125,752.8336181640625
1055,627.93310546875,588.435302734375,754.3375854492188
1056,627.98046875,588.5071411132812,754.5462036132812
1057,628.9574584960938,593.3740844726562,771.5341796875
1058,628.8732299804688,593.4625244140625,771.4988403320312
1059,639.0902099609375,602.836181640625,816.4461059570312
1060,639.0806884765625,602.86083984375,816.45751953125
1061,643.8848876953125,603.176513671875,780.8016357421875
1062,643.3043212890625,603.3653564453125,780.0125122070312
1063,641.3712158203125,603.2953491210938,775.494873046875
1064,641.4801635742188,603.3696899414062,775.8758544921875
1065,632.6299438476562,601.631591796875,742.3078002929688
1066,632.760498046875,601.3961181640625,742.1917724609375
1067,642.7783203125,606.28173828125,759.3054809570312
1068,643.3990478515625,606.58935546875,759.7595825195312
1069,634.87744140625,600.96435546875,729.7639770507812
1070,633.535888671875,599.4344482421875,728.5625
1071,626.4778442382812,598.4947509765625,732.5227661132812
1072,626.9240112304688,598.7457885742188,732.6510009765625
1073,627.9095458984375,595.6605224609375,730.353271484375
1074,627.5252685546875,595.696533203125,730.4529418945312
1075,628.19921875,597.9044799804688,732.3972778320312
1076,627.9801635742188,597.6596069335938,732.5829467773438
1077,631.7833251953125,601.3458251953125,738.4232788085938
1078,631.819091796875,601.40576171875,738.3997192382812
1079,628.614501953125,595.7774047851562,735.469970703125
1080,628.6671142578125,595.8660278320312,735.1755981445312
1081,618.986328125,592.036376953125,740.8314819335938
1082,618.78564453125,592.0020751953125,740.67578125
1083,615.2484130859375,592.2306518554688,755.9818725585938
1084,615.1817626953125,592.2147216796875,755.6781616210938
1085,611.3392333984375,586.6609497070312,759.0880126953125
1086,611.3270874023438,586.62451171875,759.1167602539062
1087,617.656982421875,587.010009765625,750.2421264648438
1088,617.5723266601562,586.983154296875,750.178466796875
1089,624.33154296875,586.5255737304688,757.414306640625
1090,624.1866455078125,586.4872436523438,757.2472534179688
1091,621.446533203125,588.5814208984375,745.123291015625
1092,621.419189453125,588.4695434570312,745.3184814453125
1093,622.8758544921875,593.612548828125,748.544189453125
1094,622.8829345703125,593.708251953125,748.64892578125
1095,622.9122924804688,596.6124267578125,740.6398315429688
1096,622.80859375,596.5558471679688,740.8004150390625
1097,623.2897338867188,595.255859375,739.0850830078125
1098,623.3410034179688,595.1279296875,739.2074584960938
1099,617.492431640625,591.0445556640625,731.16015625
1100,617.4464111328125,590.9442138671875,731.8829956054688
1101,621.3508911132812,594.9224243164062,751.7027587890625
1102,621.4609375,594.9170532226562,751.8963012695312
1103,619.8440551757812,590.98974609375,740.0372924804688
1104,619.9221801757812,590.657470703125,740.189453125
1105,626.1023559570312,589.859130859375,738.4976196289062
1106,626.193603515625,589.931396484375,738.4063110351562
1107,638.8897705078125,591.8497314453125,729.891845703125
1108,638.3565673828125,591.9075927734375,729.4754638671875
1109,640.3887939453125,601.01171875,746.4638061523438
1110,640.6182861328125,601.1397705078125,746.846435546875
1111,641.93896484375,599.5949096679688,740.7193603515625
1112,642.00732421875,599.581298828125,740.738037109375
1113,641.536865234375,606.8898315429688,760.8031005859375
1114,641.7430419921875,606.8273315429688,760.8642578125
1115,635.7135009765625,605.0460815429688,764.9669189453125
1116,635.6014404296875,605.0721435546875,764.9847412109375
1117,639.8343505859375,606.5975952148438,777.4923095703125
1118,639.8993530273438,606.6689453125,777.807861328125
1119,627.2989501953125,602.941650390625,782.6624755859375
1120,627.2987670898438,602.9341430664062,782.64453125
1121,627.748779296875,595.71142578125,765.78662109375
1122,627.453125,595.8575439453125,765.4324951171875
1123,634.3136596679688,604.3626708984375,786.8939208984375
1124,633.4775390625,604.420166015625,786.8638305664062
1125,629.8187255859375,599.2887573242188,775.6767578125
1126,630.4446411132812,599.5067749023438,775.2683715820312
1127,625.3411865234375,590.046630859375,759.0308837890625
1128,624.433349609375,589.6078491210938,759.02880859375
1129,627.984130859375,592.4847412109375,775.2125854492188
1130,627.789306640625,592.0514526367188,774.8043212890625
1131,638.1705322265625,590.0558471679688,770.4757080078125
1132,637.5066528320312,589.6866455078125,770.6849975585938
1133,629.256591796875,587.5613403320312,761.2625732421875
1134,629.34326171875,587.9573974609375,761.1254272460938
1135,633.5104370117188,589.92822265625,752.41552734375
1136,634.0889282226562,589.993896484375,751.9177856445312
1137,648.2489013671875,595.51806640625,759.88525390625
1138,648.277587890625,595.7469482421875,759.8937377929688
1139,654.31982421875,595.59765625,756.7505493164062
1140,654.5118408203125,595.7014770507812,756.765625
1141,650.701904296875,595.8311157226562,755.281494140625
1142,650.2230224609375,595.5410766601562,755.8602294921875
1143,648.33056640625,596.00341796875,754.4113159179688
1144,647.736572265625,595.6531982421875,754.0777587890625
1145,648.1318359375,592.5628662109375,763.3177490234375
1146,647.977783203125,592.6607666015625,763.36767578125
1147,654.2994384765625,598.724853515625,776.114501953125
1148,654.3360595703125,598.4662475585938,776.1089477539062
1149,648.054443359375,599.3910522460938,774.4752197265625
1150,648.130859375,599.2001953125,774.6551513671875
1151,640.1280517578125,599.7843627929688,750.8078002929688
1152,639.833984375,599.5934448242188,750.7288818359375
1153,643.9482421875,596.5853271484375,752.34326171875
1154,644.31494140625,596.7068481445312,752.3543090820312
1155,649.8887939453125,591.7545166015625,746.4271240234375
1156,650.4295043945312,592.1101684570312,746.3569946289062
1157,642.0988159179688,587.3304443359375,750.972900390625
1158,642.0075073242188,587.1079711914062,750.80517578125
1159,630.6329345703125,576.0235595703125,735.6371459960938
1160,629.8378295898438,575.2867431640625,735.693359375
1161,625.50244140625,575.7074584960938,744.7022705078125
1162,625.5704345703125,575.7556762695312,744.7643432617188
1163,631.0953369140625,576.7435913085938,738.8192138671875
1164,630.7049560546875,576.8200073242188,738.3682861328125
1165,635.06689453125,578.43359375,754.7877197265625
1166,634.935546875,578.32080078125,754.712646484375
1167,630.9906005859375,583.6214599609375,751.5587158203125
1168,630.9342041015625,583.6173706054688,751.586181640625
1169,638.6551513671875,586.5484619140625,771.8855590820312
1170,638.575927734375,586.3670654296875,771.8233642578125
1171,647.826171875,593.5220947265625,785.4693603515625
1172,647.5966796875,593.2576293945312,785.705078125
1173,644.2152709960938,591.732421875,789.3912963867188
1174,644.664306640625,591.94287109375,789.5593872070312
1175,637.2442626953125,589.4450073242188,781.4404296875
1176,635.8617553710938,589.1076049804688,781.4707641601562
1177,637.4591064453125,589.234619140625,816.658447265625
1178,637.5115966796875,589.0091552734375,816.5990600585938
1179,642.8736572265625,595.6725463867188,795.36962890625
1180,642.4600830078125,595.9108276367188,794.6168823242188
1181,642.3824462890625,597.3181762695312,804.5508422851562
1182,641.5697021484375,597.3817138671875,803.8797607421875
1183,633.86865234375,592.0260009765625,796.1734008789062
1184,632.9915771484375,592.3319702148438,795.323486328125
1185,637.3607177734375,591.3824462890625,804.480712890625
1186,636.5155029296875,591.0006713867188,802.0416259765625
1187,643.8045654296875,588.9437255859375,793.1549682617188
1188,643.78271484375,588.9769287109375,793.6937866210938
1189,639.2989501953125,590.732177734375,795.6246948242188
1190,638.1016845703125,590.328125,793.4137573242188
1191,625.3937377929688,579.2666625976562,769.9598999023438
1192,625.520263671875,580.07861328125,770.3256225585938
1193,623.4034423828125,579.7066040039062,778.591796875
1194,623.5860595703125,579.6485595703125,777.23291015625
1195,621.2781372070312,575.4771118164062,763.1268310546875
1196,621.198974609375,574.8011474609375,763.5557250976562
1197,611.75244140625,578.482177734375,763.0983276367188
1198,612.30810546875,577.8072509765625,760.78662109375
1199,620.226318359375,577.606689453125,755.3720092773438
1200,620.2722778320312,578.189453125,755.0031127929688
1201,620.1076049804688,574.2130737304688,776.23388671875
1202,619.8978271484375,574.07177734375,775.0201416015625
1203,614.2449340820312,571.8695068359375,768.4323120117188
1204,614.2754516601562,572.087646484375,767.790771484375
1205,613.1788330078125,574.5818481445312,771.5249633789062
1206,611.8739013671875,574.3323974609375,768.3497924804688
1207,611.229736328125,576.4800415039062,749.408203125
1208,611.0317993164062,576.5230102539062,749.4132080078125
1209,622.73388671875,582.5899047851562,769.6712646484375
1210,622.32568359375,582.2687377929688,769.719970703125
1211,625.36865234375,575.6873168945312,760.6969604492188
1212,625.3654174804688,575.4990234375,760.500732421875
1213,627.8005981445312,570.105712890625,769.19970703125
1214,628.6204833984375,569.7010498046875,768.3871459960938
1215,626.3607788085938,564.925537109375,761.4736938476562
1216,627.5880737304688,565.6341552734375,762.7728881835938
1217,634.9915771484375,576.5689086914062,783.011474609375
1218,635.174072265625,576.8720703125,783.3141479492188
1219,636.9071044921875,573.5573120117188,773.181884765625
1220,636.6943359375,573.7073974609375,773.9552612304688
1221,644.734375,579.48388671875,773.3822631835938
1222,641.5947265625,577.8575439453125,771.56982421875
1223,640.8731689453125,580.830810546875,781.9926147460938
1224,641.0841064453125,581.2837524414062,781.8794555664062
1225,640.9134521484375,585.0446166992188,798.277587890625
1226,640.3914794921875,584.2381591796875,798.1617431640625
1227,644.7572021484375,587.3724365234375,800.666259765625
1228,644.8755493164062,587.3733520507812,800.1633911132812
1229,648.6907958984375,590.368408203125,801.9979248046875
1230,648.08447265625,590.6228637695312,804.0175170898438
1231,639.5948486328125,585.08837890625,797.0272216796875
1232,639.5106201171875,585.2088623046875,797.9459838867188
1233,644.3792724609375,588.0315551757812,812.2532348632812
1234,644.6116943359375,587.95556640625,812.5307006835938
1235,642.1658325195312,589.8216552734375,830.5953369140625
1236,642.435791015625,590.1927490234375,830.5711669921875
1237,651.0028076171875,591.4285278320312,831.4006958007812
1238,651.052001953125,591.352783203125,831.826904296875
1239,651.4948120117188,593.3735961914062,809.329833984375
1240,651.7069091796875,594.2213745117188,809.755615234375
1241,645.646484375,601.3154296875,817.7553100585938
1242,644.80078125,601.1552734375,817.660400390625
1243,642.18896484375,602.7889404296875,821.9873657226562
1244,642.4097900390625,603.0564575195312,822.1270751953125
1245,646.602294921875,603.1341552734375,810.7465209960938
1246,646.5228271484375,603.5341796875,809.490478515625
1247,640.02099609375,598.9163208007812,785.517333984375
1248,640.2924194335938,599.3607177734375,786.03662109375
1249,643.5206909179688,604.6926879882812,800.4437255859375
1250,642.7366943359375,596.9432373046875,798.9991455078125
1251,646.0941772460938,599.8299560546875,789.7236938476562
1252,645.2648315429688,600.283447265625,788.2823486328125
1253,646.3818359375,593.2962646484375,779.004150390625
1254,646.17138671875,593.4849853515625,780.1762084960938
1255,640.73779296875,595.802490234375,774.8114013671875
1256,640.852783203125,595.9095458984375,774.9188842773438
1257,636.592529296875,591.4193115234375,774.554443359375
1258,636.3853759765625,591.284912109375,775.1182861328125
1259,644.9966430664062,596.6406860351562,785.3171997070312
1260,644.6812744140625,595.8558959960938,785.0543212890625
1261,631.47802734375,595.210693359375,768.1948852539062
1262,631.3695678710938,594.9436645507812,768.2362060546875
1263,638.301025390625,594.1741943359375,764.220703125
1264,638.1168212890625,594.32568359375,763.9678955078125
1265,629.907470703125,589.7946166992188,752.4645385742188
1266,629.7891845703125,589.5770874023438,752.1683349609375
1267,642.0755615234375,593.6847534179688,791.4531860351562
1268,641.987060546875,593.669677734375,791.255615234375
1269,640.2757568359375,592.042724609375,785.9825439453125
1270,640.71728515625,592.1453857421875,785.7307739257812
1271,645.803955078125,584.4676513671875,773.405517578125
1272,645.9178466796875,584.1963500976562,773.8096313476562
1273,640.0911865234375,576.7711181640625,752.740966796875
1274,640.2266845703125,576.93896484375,752.6905517578125
1275,649.16943359375,581.5707397460938,781.9505004882812
1276,649.2462158203125,581.6915893554688,782.1825561523438
1277,651.1788330078125,582.4405517578125,781.5151977539062
1278,651.1836547851562,582.4555053710938,781.427490234375
1279,655.3192749023438,582.1680908203125,793.1929321289062
1280,655.3095703125,582.1199340820312,793.1348266601562
1281,657.9818725585938,582.0537719726562,800.0723266601562
1282,657.8851318359375,582.0238037109375,800.0551147460938
1283,669.095947265625,591.2901611328125,804.7592163085938
1284,670.1353759765625,591.99951171875,804.762451171875
1285,660.717529296875,577.9824829101562,798.012451171875
1286,660.6741943359375,577.89794921875,797.9161376953125
1287,658.2611083984375,578.5213623046875,784.7391357421875
1288,658.1519775390625,578.4298095703125,784.728515625
1289,641.078369140625,570.5352783203125,772.163330078125
1290,641.2315673828125,570.337890625,772.0772705078125
1291,646.487548828125,575.84326171875,800.790771484375
1292,646.375732421875,576.0003662109375,800.8082275390625
1293,653.8823852539062,572.2523193359375,782.0941772460938
1294,654.188232421875,571.6962890625,781.746337890625
1295,643.6676025390625,570.8317260742188,788.5392456054688
1296,643.8323974609375,571.5599975585938,789.4251708984375
1297,638.0833740234375,570.376708984375,769.76123046875
1298,638.858154296875,570.0296630859375,769.873046875
1299,639.8170166015625,575.9903564453125,788.5925903320312
1300,640.0599365234375,575.448974609375,788.7770385742188
1301,649.5860595703125,576.2932739257812,810.779541015625
1302,651.1431884765625,576.376220703125,811.0200805664062
