model,scale,MAE,bias,ratio_mean,ratio_std,LOO_MAE_after_scale,far_zone_count
official_A,0.5,26.654,24.866,1.054,0.049,18.92,160.1
official_A,0.75,49.212,48.15,1.103,0.086,34.58,258.6
official_A,1.0,37.336,20.13,1.041,0.097,47.2,284.1
official_B,0.5,46.679,-46.679,0.897,0.05,24.58,185.4
official_B,0.75,33.075,-6.881,0.982,0.087,35.93,413.4
official_B,1.0,43.142,-5.55,0.984,0.116,46.42,548.8
ours_B,0.5,35.839,35.839,1.079,0.048,17.33,121.4
ours_B,0.75,91.824,91.824,1.201,0.056,15.78,206.2
ours_B,1.0,94.505,94.505,1.206,0.082,26.88,253.5
