model,scale,frame,gt,pred_all,pred_labelled,pred_far
official_A,0.5,0,535,706.7718505859375,589.330078125,117.4417953491211
official_A,0.5,93,440,703.186279296875,472.50909423828125,230.67718505859375
official_A,0.5,186,503,676.5401000976562,513.98828125,162.55181884765625
official_A,0.5,279,454,657.2891845703125,480.121826171875,177.16732788085938
official_A,0.5,372,438,619.50244140625,432.11737060546875,187.38507080078125
official_A,0.5,465,401,606.9104614257812,407.3815002441406,199.52894592285156
official_A,0.5,558,488,584.6416625976562,488.27960205078125,96.36203002929688
official_A,0.5,651,447,610.1644287109375,439.4698791503906,170.6945343017578
official_A,0.5,744,413,649.014892578125,438.11767578125,210.89723205566406
official_A,0.5,837,449,630.8402099609375,452.8311767578125,178.00904846191406
official_A,0.5,930,441,614.45361328125,483.0899658203125,131.3636474609375
official_A,0.5,1023,452,633.2406616210938,484.8309631347656,148.40969848632812
official_A,0.5,1116,434,635.6014404296875,494.21282958984375,141.38865661621094
official_A,0.5,1209,473,622.73388671875,515.536376953125,107.19752502441406
official_A,0.5,1302,460,651.1431884765625,509.17431640625,141.9688720703125
official_A,0.75,0,535,882.6593017578125,687.4285278320312,195.2308349609375
official_A,0.75,93,440,798.6475219726562,464.75921630859375,333.8882751464844
official_A,0.75,186,503,752.9686889648438,515.0491943359375,237.91946411132812
official_A,0.75,279,454,754.3125,478.804931640625,275.5075378417969
official_A,0.75,372,438,733.4161376953125,452.4554138183594,280.9607849121094
official_A,0.75,465,401,725.604736328125,409.32464599609375,316.2801513671875
official_A,0.75,558,488,718.460693359375,535.7822875976562,182.6784210205078
official_A,0.75,651,447,707.69140625,439.0279541015625,268.66339111328125
official_A,0.75,744,413,747.9970703125,441.97833251953125,306.01873779296875
official_A,0.75,837,449,766.311767578125,470.8682861328125,295.4434509277344
official_A,0.75,930,441,746.8399658203125,512.7610473632812,234.078857421875
official_A,0.75,1023,452,748.9104614257812,510.58990478515625,238.32057189941406
official_A,0.75,1116,434,764.9847412109375,515.5775146484375,249.40724182128906
official_A,0.75,1209,473,769.6712646484375,560.6402587890625,209.031005859375
official_A,0.75,1302,460,811.0200805664062,555.1952514648438,255.82479858398438
official_A,1.0,0,535,923.1983032226562,679.0933227539062,244.10504150390625
official_A,1.0,93,440,793.2525024414062,424.610595703125,368.6418762207031
official_A,1.0,186,503,726.7237548828125,475.3775939941406,251.34620666503906
official_A,1.0,279,454,701.5509643554688,446.5857238769531,254.96530151367188
official_A,1.0,372,438,725.6983032226562,429.64520263671875,296.05316162109375
official_A,1.0,465,401,753.1944580078125,392.12982177734375,361.0645751953125
official_A,1.0,558,488,748.07763671875,532.5189208984375,215.5587615966797
official_A,1.0,651,447,710.8165283203125,408.410888671875,302.4056396484375
official_A,1.0,744,413,731.6742553710938,407.32281494140625,324.3514404296875
official_A,1.0,837,449,742.1751708984375,431.8714599609375,310.3036804199219
official_A,1.0,930,441,741.2612915039062,473.01763916015625,268.24359130859375
official_A,1.0,1023,452,755.37158203125,489.60455322265625,265.7670593261719
official_A,1.0,1116,434,763.1663818359375,488.8672180175781,274.29913330078125
official_A,1.0,1209,473,777.4412841796875,539.9848022460938,237.45643615722656
official_A,1.0,1302,460,798.2947998046875,510.9056701660156,287.38916015625
official_B,0.5,0,535,661.55712890625,517.7503051757812,143.80690002441406
official_B,0.5,93,440,659.9376220703125,412.3409423828125,247.5967254638672
official_B,0.5,186,503,619.8637084960938,432.76361083984375,187.10008239746094
official_B,0.5,279,454,570.011474609375,386.91558837890625,183.09588623046875
official_B,0.5,372,438,565.7777099609375,353.9554443359375,211.82225036621094
official_B,0.5,465,401,505.72760009765625,335.1897277832031,170.537841796875
official_B,0.5,558,488,558.562255859375,429.64959716796875,128.9126739501953
official_B,0.5,651,447,557.3580932617188,372.5958251953125,184.76226806640625
official_B,0.5,744,413,609.2073974609375,378.681640625,230.5257110595703
official_B,0.5,837,449,630.0372314453125,398.4121398925781,231.62510681152344
official_B,0.5,930,441,593.8426513671875,424.468017578125,169.3746795654297
official_B,0.5,1023,452,574.7127685546875,410.7046203613281,164.0081024169922
official_B,0.5,1116,434,605.8226318359375,414.4532775878906,191.36932373046875
official_B,0.5,1209,473,591.6031494140625,436.0313720703125,155.57171630859375
official_B,0.5,1302,460,604.6155395507812,423.8996276855469,180.7159423828125
official_B,0.75,0,535,968.8350219726562,607.0150756835938,361.8199768066406
official_B,0.75,93,440,936.6254272460938,427.4248046875,509.20062255859375
official_B,0.75,186,503,810.30224609375,454.17034912109375,356.1319274902344
official_B,0.75,279,454,826.5436401367188,402.2781066894531,424.2655029296875
official_B,0.75,372,438,852.859130859375,397.9266357421875,454.9324645996094
official_B,0.75,465,401,855.45849609375,359.9833984375,495.4750061035156
official_B,0.75,558,488,778.7864379882812,485.4864807128906,293.29998779296875
official_B,0.75,651,447,788.6427001953125,391.9612731933594,396.6814270019531
official_B,0.75,744,413,857.4033813476562,400.7503662109375,456.6530456542969
official_B,0.75,837,449,863.3785400390625,413.34808349609375,450.030517578125
official_B,0.75,930,441,862.753662109375,465.8719177246094,396.8817138671875
official_B,0.75,1023,452,827.9173583984375,452.1578674316406,375.75958251953125
official_B,0.75,1116,434,891.475830078125,458.7931823730469,432.68267822265625
official_B,0.75,1209,473,943.3187255859375,540.610107421875,402.70855712890625
official_B,0.75,1302,460,861.2560424804688,467.0098571777344,394.2461853027344
official_B,1.0,0,535,1213.2044677734375,665.1285400390625,548.0760498046875
official_B,1.0,93,440,1182.279052734375,420.5123291015625,761.7669067382812
official_B,1.0,186,503,904.0025024414062,438.0913391113281,465.9111633300781
official_B,1.0,279,454,860.234130859375,379.89520263671875,480.33892822265625
official_B,1.0,372,438,982.0771484375,413.7632141113281,568.3139038085938
official_B,1.0,465,401,1057.46337890625,375.3162841796875,682.1470947265625
official_B,1.0,558,488,876.1940307617188,479.0543212890625,397.13983154296875
official_B,1.0,651,447,966.2818603515625,386.99127197265625,579.29052734375
official_B,1.0,744,413,940.9727172851562,391.4817810058594,549.4910278320312
official_B,1.0,837,449,923.6575317382812,386.3305358886719,537.3269653320312
official_B,1.0,930,441,986.0053100585938,458.5480651855469,527.457275390625
official_B,1.0,1023,452,1017.226318359375,448.3735656738281,568.852783203125
official_B,1.0,1116,434,1007.1341552734375,463.07275390625,544.0614624023438
official_B,1.0,1209,473,1016.9017333984375,556.905517578125,459.9961853027344
official_B,1.0,1302,460,1042.7757568359375,481.28497314453125,561.4907836914062
ours_B,0.5,0,535,678.6048583984375,596.39990234375,82.2049331665039
ours_B,0.5,93,440,695.45458984375,517.801513671875,177.65310668945312
ours_B,0.5,186,503,667.227294921875,534.2806396484375,132.9466094970703
ours_B,0.5,279,454,628.0008544921875,493.4332580566406,134.5675506591797
ours_B,0.5,372,438,607.1565551757812,458.2432556152344,148.91329956054688
ours_B,0.5,465,401,582.7805786132812,428.09375,154.6868438720703
ours_B,0.5,558,488,577.2951049804688,492.93621826171875,84.35889434814453
ours_B,0.5,651,447,584.2876586914062,451.44097900390625,132.8466796875
ours_B,0.5,744,413,588.8028564453125,447.4339904785156,141.36888122558594
ours_B,0.5,837,449,605.6614990234375,482.5169677734375,123.14451599121094
ours_B,0.5,930,441,597.6572265625,498.850830078125,98.806396484375
ours_B,0.5,1023,452,609.334716796875,500.1406555175781,109.19404602050781
ours_B,0.5,1116,434,605.0721435546875,492.375732421875,112.69641876220703
ours_B,0.5,1209,473,582.5899047851562,499.55584716796875,83.03402709960938
ours_B,0.5,1302,460,576.376220703125,472.0840759277344,104.29218292236328
ours_B,0.75,0,535,846.7813720703125,699.3648681640625,147.4165496826172
ours_B,0.75,93,440,807.0738525390625,521.32861328125,285.7451477050781
ours_B,0.75,186,503,791.4234008789062,567.7850341796875,223.63839721679688
ours_B,0.75,279,454,745.9967041015625,527.2796630859375,218.71697998046875
ours_B,0.75,372,438,750.922119140625,509.2173767089844,241.70474243164062
ours_B,0.75,465,401,742.2162475585938,475.33050537109375,266.8857727050781
ours_B,0.75,558,488,720.2291870117188,580.4678344726562,139.7613525390625
ours_B,0.75,651,447,725.97412109375,498.89398193359375,227.0802001953125
ours_B,0.75,744,413,740.7533569335938,490.5551452636719,250.19821166992188
ours_B,0.75,837,449,741.6279907226562,530.7706909179688,210.85733032226562
ours_B,0.75,930,441,741.16943359375,568.0859375,173.08348083496094
ours_B,0.75,1023,452,739.8123168945312,557.228759765625,182.58363342285156
ours_B,0.75,1116,434,745.674072265625,557.8575439453125,187.81651306152344
ours_B,0.75,1209,473,729.3518676757812,570.8514404296875,158.50045776367188
ours_B,0.75,1302,460,729.034423828125,550.3399047851562,178.69454956054688
ours_B,1.0,0,535,926.7435302734375,732.7288818359375,194.01467895507812
ours_B,1.0,93,440,881.8226318359375,514.8792724609375,366.9432678222656
ours_B,1.0,186,503,831.463134765625,564.7864990234375,266.6766357421875
ours_B,1.0,279,454,741.3396606445312,505.43109130859375,235.9085693359375
ours_B,1.0,372,438,808.25439453125,513.9602661132812,294.2941589355469
ours_B,1.0,465,401,818.5891723632812,474.953369140625,343.63580322265625
ours_B,1.0,558,488,752.7274780273438,587.3181762695312,165.4093017578125
ours_B,1.0,651,447,764.4832763671875,484.9923095703125,279.49090576171875
ours_B,1.0,744,413,791.351318359375,492.09259033203125,299.25872802734375
ours_B,1.0,837,449,745.6267700195312,503.2484130859375,242.3783721923828
ours_B,1.0,930,441,795.4371337890625,571.6036376953125,223.83349609375
ours_B,1.0,1023,452,784.4280395507812,556.4254150390625,228.0026397705078
ours_B,1.0,1116,434,801.93701171875,567.8605346679688,234.07647705078125
ours_B,1.0,1209,473,816.5857543945312,613.1027221679688,203.4830322265625
ours_B,1.0,1302,460,787.7767333984375,562.1905517578125,225.586181640625
