frame,gt,official_A_whole,official_A_roi,ours_B_whole,ours_B_roi
1,29.0,19.29415512084961,17.61309814453125,29.10843276977539,27.118877410888672
3,35.0,21.67385482788086,20.191204071044922,33.39591598510742,30.77972412109375
5,26.0,16.171274185180664,13.995857238769531,33.091522216796875,27.9306583404541
7,28.0,19.0411376953125,17.725547790527344,28.014049530029297,25.593536376953125
9,29.0,17.54177474975586,16.04656410217285,28.596149444580078,26.50718879699707
11,37.0,20.101282119750977,18.675697326660156,31.32843780517578,29.271312713623047
13,41.0,19.04477310180664,17.734272003173828,27.014915466308594,25.765399932861328
15,41.0,24.724952697753906,23.316104888916016,36.248863220214844,34.1179084777832
17,42.0,27.985143661499023,26.034360885620117,35.28974533081055,32.50449752807617
19,36.0,23.59787368774414,22.136775970458984,37.587284088134766,35.87635803222656
21,38.0,24.149620056152344,22.684833526611328,43.31550598144531,39.2325439453125
23,40.0,27.10589027404785,25.49658203125,40.561927795410156,38.02397155761719
25,37.0,27.846904754638672,25.752010345458984,35.49885177612305,32.351593017578125
27,41.0,27.064346313476562,25.729984283447266,34.7901496887207,32.987545013427734
29,36.0,24.900596618652344,23.46622085571289,33.43213653564453,30.818008422851562
31,35.0,27.0142822265625,25.590049743652344,34.00212097167969,32.05350875854492
33,37.0,25.646495819091797,24.458209991455078,35.73506546020508,33.83690643310547
35,35.0,20.387603759765625,18.948436737060547,37.505226135253906,34.36770248413086
37,33.0,20.778432846069336,19.57603645324707,31.570926666259766,29.998592376708984
39,30.0,20.191349029541016,18.90915870666504,27.51426124572754,25.669954299926758
41,27.0,19.58788299560547,18.245424270629883,27.328495025634766,25.01596450805664
43,25.0,16.502761840820312,14.831912994384766,22.943418502807617,20.75670051574707
45,22.0,12.713037490844727,11.432599067687988,21.720605850219727,19.570167541503906
47,17.0,9.866243362426758,8.495889663696289,18.7114200592041,16.782241821289062
49,18.0,12.11159896850586,10.852596282958984,17.866241455078125,16.30748748779297
51,17.0,11.370702743530273,10.11087417602539,19.09003448486328,17.716123580932617
53,16.0,12.577265739440918,11.310201644897461,19.701025009155273,17.71741485595703
55,16.0,10.01274585723877,8.753667831420898,21.537546157836914,19.73801040649414
57,22.0,11.44806957244873,9.899882316589355,21.40180206298828,19.268268585205078
59,20.0,10.425054550170898,9.160888671875,21.150266647338867,19.13257598876953
61,23.0,14.079797744750977,12.862540245056152,21.403839111328125,20.079151153564453
63,23.0,15.587636947631836,14.122465133666992,23.47490692138672,21.12248992919922
65,22.0,15.55674934387207,14.200155258178711,27.448801040649414,25.643146514892578
67,24.0,14.409781455993652,13.148924827575684,23.801544189453125,22.245338439941406
69,20.0,15.161800384521484,13.993824005126953,22.289243698120117,21.306344985961914
71,26.0,15.96894645690918,14.698715209960938,23.8653564453125,22.781967163085938
73,25.0,16.866458892822266,15.788739204406738,25.356657028198242,24.051498413085938
75,22.0,14.726985931396484,13.674385070800781,25.124238967895508,23.9311466217041
77,16.0,9.894510269165039,8.78257942199707,18.205368041992188,16.931177139282227
79,17.0,13.55711841583252,12.410357475280762,22.46945571899414,21.11562728881836
81,16.0,10.058215141296387,8.97073745727539,21.385955810546875,19.754199981689453
83,15.0,9.854331016540527,8.714056015014648,17.110511779785156,15.8320894241333
85,16.0,10.482208251953125,9.194467544555664,18.961557388305664,17.352262496948242
87,16.0,10.958271980285645,9.833427429199219,19.432546615600586,18.26836395263672
89,15.0,9.325825691223145,8.212495803833008,16.844280242919922,15.417945861816406
91,18.0,13.641670227050781,12.437976837158203,20.19188690185547,19.057945251464844
93,16.0,14.155838012695312,13.122291564941406,19.37299346923828,18.363346099853516
95,20.0,15.207929611206055,13.892038345336914,18.859535217285156,17.824729919433594
97,24.0,16.089195251464844,14.234452247619629,22.530195236206055,20.801780700683594
99,27.0,20.4884033203125,19.126663208007812,26.731809616088867,25.625694274902344
101,31.0,20.366416931152344,19.037900924682617,26.031532287597656,25.177207946777344
103,31.0,22.288005828857422,21.17313003540039,29.884414672851562,28.82767105102539
105,33.0,21.521331787109375,20.008695602416992,31.986984252929688,28.718019485473633
107,31.0,24.48923683166504,23.13706398010254,36.85478210449219,35.3548469543457
109,23.0,17.476593017578125,16.21082305908203,25.636423110961914,24.317441940307617
111,23.0,15.40211296081543,14.13656234741211,23.343137741088867,22.445594787597656
113,22.0,15.76561450958252,14.51672077178955,23.829174041748047,22.226036071777344
115,24.0,15.327472686767578,14.153697967529297,25.855873107910156,23.935447692871094
117,26.0,19.831031799316406,18.606571197509766,30.922286987304688,28.464862823486328
119,29.0,19.185714721679688,16.884235382080078,30.961278915405273,26.571163177490234
121,24.0,16.109947204589844,14.939582824707031,27.974714279174805,26.448530197143555
123,25.0,15.490571975708008,14.323453903198242,25.180376052856445,23.83020782470703
125,26.0,16.175180435180664,14.658055305480957,29.135643005371094,27.19638442993164
127,32.0,20.472305297851562,18.906097412109375,34.01488494873047,30.565746307373047
129,29.0,19.141855239868164,17.684646606445312,29.185543060302734,27.21585464477539
131,30.0,15.792777061462402,13.881322860717773,27.38652992248535,24.3972110748291
133,27.0,16.804080963134766,15.253280639648438,26.93107795715332,24.845579147338867
135,28.0,17.963359832763672,16.37409782409668,27.374826431274414,25.231096267700195
137,27.0,15.703947067260742,14.259286880493164,26.241863250732422,24.321123123168945
139,27.0,14.282880783081055,12.794143676757812,26.379064559936523,24.25528907775879
141,22.0,13.259317398071289,12.05453872680664,22.65043067932129,21.06327247619629
143,23.0,15.418861389160156,14.127555847167969,23.762367248535156,21.923030853271484
145,23.0,15.753544807434082,14.465351104736328,24.111614227294922,22.760482788085938
147,22.0,12.376440048217773,10.875005722045898,21.805002212524414,19.57608985900879
149,22.0,13.221060752868652,11.672774314880371,22.355579376220703,20.333965301513672
151,23.0,15.855694770812988,14.334424018859863,26.960437774658203,24.759319305419922
153,20.0,12.874755859375,11.626077651977539,25.30794906616211,23.423904418945312
155,20.0,10.599554061889648,9.412662506103516,22.400306701660156,20.579370498657227
157,24.0,12.782207489013672,11.592985153198242,25.82147979736328,23.771541595458984
159,23.0,12.162246704101562,10.901594161987305,22.957950592041016,21.028501510620117
161,20.0,12.139036178588867,10.86048412322998,21.213577270507812,19.1578369140625
163,26.0,12.577415466308594,11.516443252563477,21.214242935180664,19.20734405517578
165,27.0,15.03409194946289,13.67497444152832,29.525943756103516,27.146873474121094
167,23.0,13.157475471496582,11.946846961975098,20.759849548339844,18.89211654663086
169,22.0,12.97696590423584,11.839394569396973,21.19973373413086,19.664756774902344
171,19.0,10.188838958740234,9.08722972869873,18.211345672607422,16.60758399963379
173,18.0,11.225421905517578,10.223740577697754,17.229480743408203,15.718542098999023
175,16.0,9.896210670471191,8.600552558898926,17.41014862060547,15.333536148071289
177,17.0,12.208171844482422,9.937408447265625,23.155868530273438,19.713199615478516
179,18.0,11.187071800231934,9.480256080627441,18.578222274780273,15.538537979125977
181,20.0,13.704203605651855,12.283129692077637,20.962921142578125,18.92690658569336
183,19.0,9.96558952331543,8.769145965576172,19.2609920501709,17.617523193359375
185,23.0,13.567726135253906,12.218680381774902,21.376047134399414,19.813819885253906
187,25.0,21.609025955200195,19.910764694213867,28.465011596679688,25.878620147705078
189,29.0,19.29001808166504,17.498281478881836,28.94700050354004,26.506729125976562
191,29.0,16.345802307128906,14.456364631652832,23.32225799560547,21.069856643676758
193,22.0,14.030143737792969,12.711410522460938,17.661312103271484,16.269319534301758
195,21.0,13.310026168823242,12.037290573120117,19.330400466918945,17.874080657958984
197,22.0,13.565881729125977,12.293655395507812,21.423370361328125,19.673789978027344
199,25.0,15.890243530273438,13.834749221801758,25.73147201538086,22.18633460998535
201,26.0,16.875675201416016,15.429248809814453,24.071840286254883,22.08858871459961
203,27.0,20.85829734802246,19.074981689453125,27.749496459960938,25.198204040527344
205,23.0,17.405393600463867,15.554971694946289,25.27385139465332,22.672176361083984
207,24.0,17.34474754333496,15.856935501098633,24.840255737304688,23.055683135986328
209,26.0,14.938365936279297,13.61064338684082,25.43185806274414,23.515655517578125
211,24.0,14.491704940795898,13.050453186035156,24.760040283203125,22.29863929748535
213,20.0,10.798563957214355,9.33732795715332,19.672832489013672,17.341327667236328
215,20.0,12.716322898864746,11.13701057434082,21.511005401611328,18.926939010620117
217,23.0,12.945175170898438,11.404918670654297,20.618942260742188,17.92637062072754
219,24.0,14.563737869262695,13.256675720214844,22.868806838989258,21.504070281982422
221,24.0,16.708354949951172,15.26679801940918,20.697044372558594,19.053184509277344
223,22.0,11.678882598876953,10.427244186401367,16.642019271850586,15.51141357421875
225,21.0,14.160133361816406,12.660231590270996,21.761554718017578,20.0943603515625
227,22.0,14.413873672485352,12.991371154785156,20.520017623901367,19.18704605102539
229,23.0,13.032753944396973,11.744769096374512,20.155033111572266,18.734050750732422
231,20.0,12.414334297180176,10.919808387756348,20.692995071411133,18.039222717285156
233,20.0,13.19820499420166,11.695189476013184,19.888137817382812,18.438982009887695
235,27.0,20.450496673583984,18.752197265625,31.150714874267578,27.596012115478516
237,24.0,19.743587493896484,18.076988220214844,27.672468185424805,24.829336166381836
239,25.0,18.840679168701172,17.35512924194336,25.733671188354492,23.557056427001953
241,26.0,17.06041717529297,15.775854110717773,24.958843231201172,23.489971160888672
243,25.0,12.826915740966797,11.604107856750488,17.657936096191406,16.358732223510742
245,20.0,12.479196548461914,11.386877059936523,17.227834701538086,15.912116050720215
247,18.0,10.441650390625,9.178262710571289,17.779733657836914,16.134035110473633
249,14.0,10.620325088500977,9.281047821044922,16.419719696044922,14.865209579467773
251,15.0,9.479368209838867,8.167232513427734,15.69605827331543,13.834670066833496
253,19.0,9.416213989257812,8.288042068481445,19.07510757446289,17.613677978515625
255,17.0,11.071514129638672,9.73056411743164,16.914592742919922,15.484065055847168
257,18.0,11.206856727600098,9.623248100280762,20.852577209472656,17.885108947753906
259,21.0,12.927416801452637,11.14954662322998,19.54867935180664,18.138225555419922
261,23.0,14.428165435791016,12.729453086853027,20.07292938232422,18.702510833740234
263,23.0,15.290678977966309,13.428631782531738,22.196138381958008,20.04985237121582
265,27.0,16.016986846923828,13.946342468261719,29.088796615600586,24.969053268432617
267,30.0,17.081331253051758,15.70395278930664,25.634206771850586,23.953149795532227
269,30.0,22.633583068847656,21.132417678833008,32.340084075927734,30.634506225585938
271,27.0,16.852230072021484,15.412511825561523,25.925132751464844,24.30617904663086
273,26.0,17.78412437438965,16.1197566986084,25.09234619140625,22.796173095703125
275,29.0,15.414227485656738,13.871759414672852,27.088096618652344,23.44863510131836
277,25.0,15.95516586303711,13.959659576416016,24.274412155151367,20.729076385498047
279,25.0,13.5078763961792,12.169180870056152,23.202211380004883,21.62249183654785
281,22.0,12.685924530029297,11.47988510131836,21.604076385498047,19.650604248046875
283,22.0,14.189675331115723,12.825754165649414,23.83924102783203,21.649948120117188
285,23.0,13.378840446472168,12.005836486816406,19.666521072387695,18.11717987060547
287,22.0,13.602656364440918,12.131914138793945,19.342315673828125,18.344390869140625
289,26.0,12.29037094116211,11.204694747924805,18.85889434814453,17.79423713684082
291,27.0,13.940704345703125,12.510276794433594,19.818729400634766,18.14656639099121
293,23.0,12.24658203125,10.999225616455078,16.48427391052246,15.190337181091309
295,27.0,16.309215545654297,14.888029098510742,22.83551597595215,21.41948890686035
297,28.0,15.630539894104004,14.564934730529785,21.556982040405273,20.56869888305664
299,27.0,13.300544738769531,12.167911529541016,19.826351165771484,18.690109252929688
301,28.0,14.67936897277832,12.879354476928711,19.26444435119629,17.457866668701172
303,24.0,15.133480072021484,13.918804168701172,21.85076141357422,20.61834716796875
305,24.0,14.335611343383789,12.695871353149414,24.403026580810547,22.04166030883789
307,23.0,15.88742446899414,14.198114395141602,23.16824722290039,20.83940887451172
309,22.0,13.845595359802246,12.529863357543945,23.740955352783203,21.92445945739746
311,20.0,11.148397445678711,9.732040405273438,18.096450805664062,16.235960006713867
313,19.0,9.780881881713867,8.468527793884277,16.378190994262695,14.991718292236328
315,17.0,8.58626937866211,6.706103801727295,13.783799171447754,11.10350513458252
317,16.0,7.510392665863037,6.205424785614014,13.856120109558105,11.531962394714355
319,16.0,7.8773345947265625,6.643937110900879,13.693824768066406,12.167648315429688
321,14.0,8.97018051147461,7.739935874938965,14.371197700500488,13.090889930725098
323,17.0,10.477046012878418,9.072490692138672,14.229439735412598,13.048283576965332
325,19.0,9.994247436523438,8.82834529876709,14.86076545715332,13.614299774169922
327,18.0,9.43143367767334,8.279678344726562,13.610218048095703,12.619033813476562
329,20.0,11.977237701416016,10.456052780151367,17.738534927368164,15.722536087036133
331,19.0,9.833891868591309,8.642171859741211,14.625226974487305,13.224893569946289
333,19.0,11.81851863861084,10.596803665161133,17.273963928222656,15.876442909240723
335,23.0,11.643696784973145,10.298466682434082,17.496295928955078,15.65087890625
337,22.0,12.507502555847168,11.305920600891113,16.653011322021484,15.30930233001709
339,22.0,10.99616813659668,9.707183837890625,19.516347885131836,18.100109100341797
341,24.0,13.091524124145508,11.32970142364502,20.00137710571289,16.971569061279297
343,23.0,12.834680557250977,11.508848190307617,17.0020751953125,14.824554443359375
345,24.0,14.03121566772461,12.45370864868164,20.77076530456543,18.425262451171875
347,27.0,13.916211128234863,12.510655403137207,21.588802337646484,20.22256088256836
349,27.0,13.99810791015625,12.857237815856934,19.017152786254883,17.617876052856445
351,36.0,15.702669143676758,14.377540588378906,25.149433135986328,23.289958953857422
353,38.0,21.3215274810791,19.568801879882812,27.627798080444336,24.596939086914062
355,35.0,17.58165740966797,15.928121566772461,23.135089874267578,21.454456329345703
357,32.0,14.484371185302734,12.990829467773438,21.602548599243164,20.42930030822754
359,33.0,17.202838897705078,15.956120491027832,24.55016326904297,23.621376037597656
361,35.0,17.700176239013672,16.233264923095703,26.953739166259766,24.397567749023438
363,36.0,16.74820327758789,15.450486183166504,24.70691680908203,23.330055236816406
365,28.0,13.057891845703125,11.742049217224121,19.880765914916992,18.21065902709961
367,31.0,14.770842552185059,13.441581726074219,19.37796974182129,18.329078674316406
369,34.0,17.589981079101562,15.490206718444824,27.9544734954834,24.63868522644043
371,34.0,15.582892417907715,14.233909606933594,23.53565216064453,21.78048324584961
373,32.0,14.644774436950684,13.264886856079102,20.186681747436523,18.764917373657227
375,35.0,13.665538787841797,12.10128402709961,21.34375762939453,19.6032657623291
377,32.0,14.607901573181152,13.222797393798828,22.499584197998047,20.45813751220703
379,36.0,16.982419967651367,15.596881866455078,23.480859756469727,21.83344841003418
381,47.0,19.222076416015625,17.958391189575195,25.717544555664062,24.149890899658203
383,41.0,20.296859741210938,18.91005516052246,27.30148696899414,25.795101165771484
385,39.0,22.54384422302246,21.19384002685547,30.628482818603516,28.382488250732422
387,46.0,21.110919952392578,19.506534576416016,29.9996395111084,26.99974250793457
389,42.0,21.425312042236328,20.018356323242188,31.10775375366211,28.666322708129883
391,40.0,21.911699295043945,20.090593338012695,26.26369285583496,24.694759368896484
393,43.0,25.473146438598633,23.43843650817871,33.04327392578125,30.829120635986328
395,47.0,25.666852951049805,23.793407440185547,34.072662353515625,30.933483123779297
397,50.0,25.543001174926758,23.878368377685547,35.065956115722656,31.486846923828125
399,46.0,27.90302848815918,25.719900131225586,36.46192169189453,33.207359313964844
401,48.0,25.345787048339844,23.481346130371094,38.531497955322266,34.67935562133789
403,46.0,25.728036880493164,23.97041893005371,43.5820426940918,40.377689361572266
405,44.0,24.128190994262695,22.625699996948242,37.53704071044922,34.41007614135742
407,42.0,20.238636016845703,18.869525909423828,32.318809509277344,30.267934799194336
409,37.0,23.516159057617188,21.898303985595703,34.815643310546875,31.423694610595703
411,33.0,21.820152282714844,20.12446403503418,31.952823638916016,28.301063537597656
413,33.0,18.393871307373047,17.063758850097656,28.340879440307617,26.429616928100586
415,33.0,17.154346466064453,15.591514587402344,30.969255447387695,27.9890193939209
417,34.0,21.739059448242188,19.011991500854492,30.07380485534668,27.02650260925293
419,37.0,19.95980453491211,18.211223602294922,25.856969833374023,23.604042053222656
421,33.0,17.91384506225586,16.63192367553711,25.91868019104004,23.896364212036133
423,35.0,20.678924560546875,19.25977325439453,26.067157745361328,24.84884262084961
425,34.0,19.694995880126953,18.175365447998047,28.337875366210938,26.727977752685547
427,33.0,19.480974197387695,17.94629669189453,24.509864807128906,23.003070831298828
429,34.0,20.77835464477539,19.217395782470703,28.740745544433594,26.87472152709961
431,35.0,24.375831604003906,22.261653900146484,32.9377326965332,28.439611434936523
433,35.0,21.21847152709961,19.16475486755371,37.35993957519531,32.533058166503906
435,43.0,24.802799224853516,22.748197555541992,38.654354095458984,33.883392333984375
437,39.0,24.943897247314453,22.997303009033203,39.931312561035156,35.64691925048828
439,45.0,28.628854751586914,26.127473831176758,48.160850524902344,42.42700958251953
441,48.0,25.619426727294922,22.951541900634766,40.63798522949219,35.18431091308594
443,44.0,22.998746871948242,21.378089904785156,37.48797607421875,35.13664245605469
445,45.0,23.163347244262695,21.000219345092773,39.047340393066406,34.84571838378906
447,49.0,30.290817260742188,27.949155807495117,39.00568389892578,35.953773498535156
449,50.0,27.558883666992188,25.276092529296875,46.96125411987305,42.41856384277344
451,47.0,33.1902961730957,31.131507873535156,45.362640380859375,42.29118347167969
453,42.0,28.78137969970703,26.213237762451172,42.962493896484375,37.905799865722656
455,33.0,20.698606491088867,19.196861267089844,33.93055725097656,30.174694061279297
457,31.0,20.70505714416504,19.32914161682129,32.513755798339844,30.76715850830078
459,31.0,22.764577865600586,21.303386688232422,32.01169967651367,30.263263702392578
461,34.0,22.64887237548828,20.26226043701172,31.294292449951172,27.671749114990234
463,37.0,20.92294692993164,19.624866485595703,31.338300704956055,29.52438735961914
465,31.0,21.511625289916992,20.03179359436035,34.98776626586914,32.443145751953125
467,31.0,18.899763107299805,17.459068298339844,28.077699661254883,26.440872192382812
469,32.0,20.660215377807617,19.264707565307617,30.121448516845703,28.470596313476562
471,27.0,15.413335800170898,13.951305389404297,24.060104370117188,22.575206756591797
473,28.0,16.36505699157715,14.852289199829102,26.29783058166504,24.203805923461914
475,28.0,14.96213150024414,13.703197479248047,23.120319366455078,21.60703468322754
477,28.0,14.138800621032715,12.940896034240723,22.471635818481445,21.26325225830078
479,29.0,18.570911407470703,17.268138885498047,25.1141414642334,23.845727920532227
481,30.0,18.098299026489258,16.47486686706543,24.588836669921875,23.03546142578125
483,31.0,16.425800323486328,15.193161964416504,23.89430809020996,22.685407638549805
485,28.0,18.068819046020508,16.972434997558594,25.89137840270996,24.66887664794922
487,27.0,16.3707332611084,15.202190399169922,25.66260528564453,23.884342193603516
489,28.0,14.927343368530273,13.794370651245117,24.342449188232422,22.60128402709961
491,34.0,19.01935577392578,17.605941772460938,33.504737854003906,30.868267059326172
493,30.0,15.115060806274414,13.957250595092773,24.07615089416504,22.315364837646484
495,30.0,17.391193389892578,16.19635772705078,26.707714080810547,25.110279083251953
497,30.0,16.336288452148438,15.286230087280273,23.198352813720703,22.040447235107422
499,26.0,16.680469512939453,15.328857421875,26.260879516601562,24.313987731933594
501,26.0,14.444889068603516,13.141380310058594,24.58807373046875,22.75410270690918
503,26.0,14.943235397338867,13.671428680419922,22.265178680419922,20.556684494018555
505,28.0,17.720155715942383,16.39133071899414,27.043842315673828,25.474716186523438
507,30.0,16.19295310974121,14.997742652893066,27.22757911682129,25.27121353149414
509,29.0,19.777437210083008,18.603870391845703,29.66887092590332,28.2565860748291
511,27.0,17.336193084716797,16.109352111816406,24.348373413085938,23.044921875
513,30.0,20.466064453125,18.86712646484375,29.660932540893555,27.174753189086914
515,37.0,25.681180953979492,24.378860473632812,36.15272521972656,34.58626937866211
517,36.0,19.419570922851562,18.159849166870117,37.702308654785156,35.632911682128906
519,33.0,24.239452362060547,22.98467254638672,32.72972869873047,31.369140625
521,32.0,22.449708938598633,21.252437591552734,29.99270248413086,28.898757934570312
523,33.0,20.846357345581055,19.68332290649414,27.300899505615234,26.327423095703125
525,33.0,24.665390014648438,23.292585372924805,32.16150665283203,30.649566650390625
527,35.0,23.744945526123047,22.40857696533203,35.428741455078125,33.52897644042969
529,28.0,20.585384368896484,19.240129470825195,24.88076400756836,23.58980941772461
531,25.0,13.95054817199707,12.771930694580078,19.59299087524414,18.45174789428711
533,25.0,13.763321876525879,12.836185455322266,20.962032318115234,19.90304183959961
535,30.0,19.402854919433594,18.072431564331055,27.157054901123047,25.75303840637207
537,32.0,16.82284164428711,15.68571949005127,23.338180541992188,22.135154724121094
539,31.0,17.287893295288086,16.15485954284668,26.147510528564453,24.786035537719727
541,32.0,18.874980926513672,17.632266998291016,24.993391036987305,23.459579467773438
543,28.0,15.976140022277832,14.867768287658691,23.486417770385742,22.19506072998047
545,27.0,15.01412296295166,13.82157039642334,23.274812698364258,21.82712173461914
547,25.0,14.82101058959961,13.629374504089355,22.74401092529297,21.331356048583984
549,21.0,15.580367088317871,14.295989990234375,20.585683822631836,19.43480682373047
551,23.0,15.994505882263184,14.768136978149414,22.274070739746094,20.86024284362793
553,24.0,16.937664031982422,15.793140411376953,22.970842361450195,21.684112548828125
555,24.0,15.480210304260254,14.456043243408203,19.38851547241211,17.873319625854492
557,22.0,15.259586334228516,13.980228424072266,18.257843017578125,16.8154354095459
559,22.0,13.553316116333008,12.393450736999512,19.315887451171875,17.78376007080078
561,21.0,16.381359100341797,15.373400688171387,19.522647857666016,18.516857147216797
563,23.0,16.92970085144043,15.884624481201172,20.866905212402344,19.900314331054688
565,23.0,16.424915313720703,15.420751571655273,19.57350730895996,18.498851776123047
567,23.0,15.737319946289062,14.690397262573242,20.083232879638672,19.109825134277344
569,25.0,15.779529571533203,14.716230392456055,21.003631591796875,20.05763816833496
571,21.0,13.386252403259277,12.22591495513916,18.358585357666016,16.981525421142578
573,22.0,12.532242774963379,11.382246017456055,16.94491195678711,15.920388221740723
575,23.0,13.875909805297852,12.4931058883667,17.348526000976562,15.90694522857666
577,23.0,15.368680953979492,14.146634101867676,20.623088836669922,18.433927536010742
579,27.0,15.371228218078613,14.132210731506348,23.429759979248047,21.346317291259766
581,27.0,16.56511688232422,15.355182647705078,22.95269203186035,21.93451690673828
583,28.0,15.846015930175781,14.751174926757812,20.557579040527344,19.61417007446289
585,31.0,19.660877227783203,18.254878997802734,23.147123336791992,20.638568878173828
587,32.0,18.58224868774414,17.36438751220703,21.50485610961914,20.197998046875
589,29.0,19.0645751953125,17.947662353515625,22.33114242553711,21.279766082763672
591,29.0,15.488548278808594,14.421764373779297,20.412769317626953,19.365806579589844
593,26.0,13.335689544677734,12.165763854980469,17.67768096923828,16.749011993408203
595,25.0,16.326522827148438,15.061641693115234,22.10769271850586,19.78280258178711
597,22.0,13.1742525100708,12.025947570800781,19.56190299987793,18.217578887939453
599,22.0,14.998807907104492,13.597490310668945,23.506738662719727,21.115312576293945
601,23.0,13.457240104675293,12.207547187805176,20.773662567138672,19.281288146972656
603,27.0,14.846654891967773,13.765697479248047,20.59836196899414,19.488201141357422
605,30.0,16.635587692260742,15.383212089538574,19.781723022460938,18.946575164794922
607,32.0,17.031322479248047,15.919828414916992,23.07906150817871,22.15549087524414
609,40.0,22.04841423034668,20.37937355041504,31.428417205810547,28.831756591796875
611,41.0,21.56770133972168,19.99258804321289,32.75872802734375,29.78549575805664
613,41.0,25.902828216552734,24.149585723876953,37.358158111572266,33.38837432861328
615,46.0,28.05942153930664,26.710586547851562,37.05341720581055,33.53591537475586
617,45.0,30.06938362121582,28.97479820251465,41.69935607910156,40.243072509765625
619,43.0,26.490394592285156,24.816875457763672,41.0650749206543,38.681610107421875
621,41.0,25.587247848510742,24.048688888549805,35.06577682495117,33.00359344482422
623,42.0,25.30316734313965,24.115982055664062,34.98778533935547,33.34962844848633
625,42.0,26.784461975097656,25.254989624023438,37.01953887939453,34.78621292114258
627,42.0,27.66928482055664,26.22700309753418,40.999542236328125,38.060916900634766
629,36.0,21.632970809936523,20.14122772216797,33.55799865722656,29.6735897064209
631,31.0,25.965547561645508,24.774431228637695,31.527538299560547,30.323772430419922
633,38.0,27.729829788208008,26.327295303344727,40.81913375854492,39.01496887207031
635,33.0,25.53342056274414,24.08092498779297,33.21259689331055,30.898082733154297
637,32.0,21.398927688598633,20.092952728271484,31.681028366088867,30.18497657775879
639,38.0,25.5604248046875,24.30968475341797,32.64281463623047,31.181493759155273
641,40.0,28.1920166015625,26.899215698242188,36.14093017578125,34.62478256225586
643,40.0,23.871719360351562,22.78910255432129,34.74778747558594,33.70611572265625
645,41.0,23.417299270629883,22.22146224975586,33.856998443603516,32.45185089111328
647,40.0,24.616291046142578,23.364259719848633,33.056365966796875,31.953601837158203
649,42.0,25.285551071166992,24.256175994873047,34.331974029541016,33.374427795410156
651,36.0,23.98501205444336,22.723241806030273,32.272499084472656,30.724876403808594
653,33.0,19.405344009399414,18.160755157470703,32.348297119140625,30.601577758789062
655,35.0,24.028778076171875,22.415950775146484,36.66758728027344,34.684959411621094
657,34.0,22.676944732666016,21.38595962524414,37.82765197753906,35.91250991821289
659,31.0,21.377574920654297,20.059444427490234,33.84112548828125,31.565265655517578
661,33.0,20.048583984375,18.882978439331055,33.73371124267578,32.379554748535156
663,26.0,17.335723876953125,16.339799880981445,25.50197982788086,24.509918212890625
665,25.0,16.01275634765625,14.50462532043457,25.159711837768555,22.675827026367188
667,31.0,19.669063568115234,18.13288116455078,29.797344207763672,27.586383819580078
669,30.0,17.607526779174805,16.46890640258789,26.20683479309082,25.078304290771484
671,32.0,21.92821502685547,20.64702606201172,26.686664581298828,25.728130340576172
673,32.0,22.996341705322266,21.876222610473633,27.665462493896484,25.98726463317871
675,36.0,23.334081649780273,22.119979858398438,29.786273956298828,28.485515594482422
677,34.0,21.534618377685547,20.246417999267578,31.185558319091797,29.178787231445312
679,32.0,20.36180305480957,18.55463409423828,25.498563766479492,24.30609130859375
681,33.0,23.18533706665039,21.786134719848633,27.06049346923828,25.91341781616211
683,30.0,18.259838104248047,17.020334243774414,25.519550323486328,24.491825103759766
685,34.0,19.782283782958984,18.50318145751953,29.333953857421875,27.600696563720703
687,31.0,18.80284881591797,17.288145065307617,26.630598068237305,24.55718231201172
689,28.0,17.00367546081543,15.775411605834961,26.246967315673828,24.474607467651367
691,30.0,18.55813217163086,17.153064727783203,28.517677307128906,25.93166732788086
693,28.0,16.0801944732666,14.849868774414062,27.308259963989258,25.178010940551758
695,30.0,19.474563598632812,17.992889404296875,34.52899169921875,31.569080352783203
697,31.0,21.018016815185547,19.657215118408203,34.016143798828125,31.951480865478516
699,32.0,19.948564529418945,18.560667037963867,33.2886848449707,30.71683120727539
701,35.0,19.921714782714844,18.34095001220703,37.16559982299805,32.877723693847656
703,32.0,19.79141616821289,18.590953826904297,31.154869079589844,29.551156997680664
705,34.0,21.244613647460938,19.551651000976562,34.30942916870117,32.34248352050781
707,37.0,25.295616149902344,23.95669937133789,37.089630126953125,33.60588836669922
709,38.0,23.176233291625977,21.341215133666992,32.70518112182617,30.47089385986328
711,39.0,21.372323989868164,20.026737213134766,33.30119323730469,30.73902130126953
713,38.0,22.060104370117188,20.55530548095703,34.15060806274414,31.40654754638672
715,36.0,22.696224212646484,21.23552703857422,33.42742156982422,31.570653915405273
717,43.0,24.975584030151367,23.400806427001953,35.129058837890625,33.32264709472656
719,45.0,26.393497467041016,24.5062198638916,37.34722900390625,33.46473693847656
721,48.0,33.62593078613281,32.02813720703125,38.056495666503906,36.0756950378418
723,46.0,27.224716186523438,25.66762924194336,37.56135559082031,35.217376708984375
725,42.0,25.146137237548828,23.385236740112305,36.04012680053711,33.8817253112793
727,44.0,22.976367950439453,21.65810775756836,36.5071907043457,34.9045524597168
729,45.0,25.96129608154297,24.371395111083984,34.48784637451172,32.55683517456055
731,39.0,24.376794815063477,22.861469268798828,35.015220642089844,32.913330078125
733,42.0,20.986255645751953,19.85932159423828,30.48670196533203,29.417654037475586
735,39.0,23.5582275390625,21.41516876220703,38.802764892578125,35.24592590332031
737,40.0,22.161476135253906,20.85731315612793,31.903940200805664,30.34767723083496
739,37.0,17.8929386138916,16.168716430664062,26.71890640258789,25.10718536376953
741,33.0,15.37810230255127,14.202706336975098,23.5401611328125,22.514976501464844
743,36.0,19.58203125,17.523040771484375,31.694007873535156,28.77332305908203
745,38.0,21.028993606567383,19.51150894165039,30.703590393066406,28.55760955810547
747,41.0,23.832923889160156,22.047447204589844,32.89591979980469,30.781415939331055
749,42.0,26.150917053222656,24.424964904785156,31.258455276489258,29.7343692779541
751,43.0,24.32765007019043,22.407405853271484,32.90037536621094,29.256717681884766
753,41.0,26.121639251708984,24.483272552490234,31.18914031982422,29.899412155151367
755,41.0,27.908809661865234,26.643224716186523,34.22368621826172,32.70314025878906
757,44.0,26.968250274658203,25.6104679107666,35.81040954589844,34.164764404296875
759,38.0,22.911218643188477,21.55202865600586,29.38485336303711,27.889814376831055
761,39.0,23.94757080078125,22.411762237548828,30.402679443359375,28.67363739013672
763,34.0,22.652502059936523,21.242963790893555,26.429668426513672,25.37063980102539
765,33.0,20.19301986694336,18.97527503967285,25.364707946777344,24.230388641357422
767,30.0,19.481414794921875,18.12277603149414,27.40656280517578,25.62567710876465
769,26.0,17.43614387512207,15.91484260559082,22.849525451660156,21.426572799682617
771,29.0,18.059307098388672,16.90459632873535,27.54944610595703,26.355205535888672
773,33.0,20.302120208740234,18.604015350341797,31.97299575805664,29.978992462158203
775,34.0,20.634552001953125,18.418197631835938,31.66493797302246,27.602527618408203
777,36.0,22.30156707763672,20.608604431152344,39.109249114990234,35.42268371582031
779,34.0,19.94718360900879,18.31678581237793,30.391666412353516,28.159517288208008
781,35.0,21.596467971801758,20.371931076049805,29.197574615478516,27.67047119140625
783,36.0,25.075950622558594,23.424495697021484,34.66841125488281,32.75481033325195
785,27.0,21.475711822509766,19.756986618041992,31.279319763183594,27.819461822509766
787,27.0,16.80310821533203,15.122048377990723,26.45889663696289,24.651092529296875
789,23.0,15.475210189819336,14.186046600341797,20.220672607421875,19.027587890625
791,22.0,13.735140800476074,12.478082656860352,17.507949829101562,16.363849639892578
793,22.0,14.048646926879883,12.896714210510254,20.176162719726562,18.90059471130371
795,24.0,14.141716003417969,12.733367919921875,21.048906326293945,19.44220733642578
797,26.0,16.476816177368164,15.01921272277832,26.56756591796875,24.570789337158203
799,30.0,18.612667083740234,17.22736930847168,27.904319763183594,26.482364654541016
801,31.0,20.11324691772461,18.8510684967041,23.592639923095703,22.674365997314453
803,36.0,18.229232788085938,16.703872680664062,26.468563079833984,25.143001556396484
805,38.0,24.546754837036133,22.707012176513672,31.931081771850586,29.666318893432617
807,38.0,22.232391357421875,20.264013290405273,32.91793441772461,30.392532348632812
809,37.0,19.860050201416016,18.234203338623047,30.144655227661133,27.346675872802734
811,36.0,24.98413848876953,23.68385887145996,27.516374588012695,26.17095375061035
813,41.0,26.810237884521484,25.326858520507812,30.668960571289062,28.899730682373047
815,36.0,24.941211700439453,23.67652130126953,27.93149185180664,26.492799758911133
817,33.0,23.15363883972168,21.727455139160156,26.144657135009766,23.85446548461914
819,33.0,24.08013153076172,22.54887580871582,27.434968948364258,25.55767822265625
821,36.0,21.138229370117188,19.827604293823242,27.12591552734375,25.59115982055664
823,30.0,16.390989303588867,15.191184043884277,21.132747650146484,19.79693603515625
825,32.0,21.617626190185547,19.91916847229004,25.375469207763672,23.571313858032227
827,29.0,21.39068603515625,19.995464324951172,26.37676239013672,24.276966094970703
829,30.0,18.835439682006836,17.504718780517578,25.962486267089844,24.417766571044922
831,28.0,16.776447296142578,15.631634712219238,22.164098739624023,21.033626556396484
833,27.0,18.65089225769043,17.4846134185791,20.993507385253906,19.97553062438965
835,31.0,18.63119888305664,17.274417877197266,24.702056884765625,22.635841369628906
837,30.0,20.39058494567871,19.161733627319336,24.250926971435547,22.573745727539062
839,32.0,20.271011352539062,18.688732147216797,24.60235595703125,23.4688777923584
841,30.0,16.678770065307617,15.389944076538086,23.38768768310547,22.177478790283203
843,29.0,19.225204467773438,17.955772399902344,25.443506240844727,23.020185470581055
845,31.0,18.86872673034668,17.33694839477539,28.192848205566406,25.719711303710938
847,29.0,21.746137619018555,20.410186767578125,25.578956604003906,24.41179656982422
849,32.0,20.86499786376953,19.490745544433594,23.99102783203125,23.085018157958984
851,30.0,18.33507537841797,16.831096649169922,24.619504928588867,23.271827697753906
853,32.0,18.672168731689453,17.421756744384766,23.650697708129883,22.5645809173584
855,31.0,21.894458770751953,20.557647705078125,28.29431915283203,26.92531394958496
857,32.0,20.108083724975586,18.722721099853516,27.333515167236328,25.773494720458984
859,34.0,19.562091827392578,18.31593132019043,24.335023880004883,23.173770904541016
861,36.0,20.888771057128906,19.32767105102539,30.67473030090332,29.352792739868164
863,33.0,20.087173461914062,18.571231842041016,27.36899185180664,25.587446212768555
865,30.0,20.41156005859375,19.03120994567871,25.536540985107422,23.92311668395996
867,36.0,22.144792556762695,20.814716339111328,31.042478561401367,29.232656478881836
869,35.0,24.41339111328125,22.405052185058594,33.92059326171875,31.049846649169922
871,36.0,21.930057525634766,20.67228889465332,31.969810485839844,28.85688018798828
873,30.0,20.871826171875,18.98259162902832,29.887115478515625,26.089710235595703
875,28.0,20.811107635498047,19.612613677978516,25.597122192382812,24.66155433654785
877,26.0,18.82308006286621,17.557729721069336,23.868627548217773,22.56092071533203
879,30.0,20.341373443603516,19.04067611694336,27.33293914794922,25.69941520690918
881,31.0,22.066425323486328,20.704113006591797,28.282360076904297,26.535736083984375
883,30.0,20.25650978088379,18.791946411132812,23.982723236083984,22.351272583007812
885,31.0,23.370744705200195,21.574729919433594,28.10987663269043,25.824485778808594
887,32.0,24.194461822509766,22.597911834716797,26.972354888916016,25.323789596557617
889,32.0,19.437129974365234,18.113216400146484,24.872596740722656,23.433757781982422
891,29.0,17.179340362548828,15.798884391784668,23.35074234008789,21.92005157470703
893,33.0,22.604957580566406,20.297714233398438,26.23418426513672,23.069835662841797
895,36.0,23.133956909179688,21.77219581604004,27.936969757080078,26.73618507385254
897,35.0,18.918075561523438,17.700698852539062,25.85051727294922,24.55490493774414
899,36.0,19.2601375579834,17.886024475097656,28.996185302734375,27.44814109802246
901,36.0,18.490549087524414,17.205535888671875,22.772380828857422,21.460140228271484
903,35.0,16.027135848999023,14.64019775390625,22.08987808227539,20.59123420715332
905,37.0,21.939781188964844,19.942264556884766,30.24134063720703,26.93102264404297
907,42.0,21.457263946533203,19.984954833984375,30.05600929260254,28.389177322387695
909,41.0,21.935791015625,20.59003448486328,36.332366943359375,33.90790939331055
911,40.0,25.432493209838867,23.691356658935547,39.93512725830078,36.46495056152344
913,39.0,25.902772903442383,23.809234619140625,32.13786697387695,30.379919052124023
915,40.0,23.52443504333496,22.08138084411621,32.744754791259766,30.978515625
917,37.0,22.334136962890625,20.79523468017578,31.785184860229492,30.07243537902832
919,31.0,18.588115692138672,17.042903900146484,25.71118927001953,24.114643096923828
921,34.0,23.522825241088867,22.230867385864258,30.102710723876953,28.48819351196289
923,32.0,21.639671325683594,20.000566482543945,24.919227600097656,23.654720306396484
925,31.0,19.78921127319336,18.13463592529297,23.47698974609375,21.787151336669922
927,26.0,17.738037109375,16.417438507080078,20.977588653564453,19.7313175201416
929,26.0,16.378997802734375,15.10824966430664,20.656635284423828,19.423959732055664
931,31.0,19.304258346557617,18.080677032470703,23.538930892944336,22.429508209228516
933,33.0,19.097389221191406,17.94361114501953,24.969890594482422,23.707721710205078
935,34.0,18.368057250976562,16.622766494750977,24.96410369873047,23.074451446533203
937,32.0,17.976228713989258,16.8566951751709,22.576826095581055,21.399730682373047
939,29.0,18.597736358642578,17.1845645904541,23.65827751159668,21.975156784057617
941,31.0,20.387096405029297,18.956222534179688,25.18865966796875,23.4617977142334
943,31.0,20.06589126586914,18.75263786315918,25.773536682128906,24.374574661254883
945,33.0,22.89783477783203,21.645761489868164,31.926679611206055,30.617706298828125
947,36.0,20.849842071533203,19.14498519897461,31.443674087524414,28.363126754760742
949,35.0,20.33283805847168,19.001842498779297,31.187437057495117,29.397911071777344
951,42.0,21.24677848815918,20.053691864013672,32.526611328125,30.968870162963867
953,44.0,27.922351837158203,26.527286529541016,36.635589599609375,34.73988342285156
955,48.0,25.220224380493164,23.71485137939453,39.059776306152344,36.2203369140625
957,45.0,22.300411224365234,20.89639663696289,33.18413543701172,30.620574951171875
959,43.0,25.5396728515625,23.900493621826172,33.790645599365234,31.948394775390625
961,44.0,24.336544036865234,22.448209762573242,33.27261734008789,31.754188537597656
963,50.0,22.315441131591797,20.754180908203125,33.22844696044922,30.982858657836914
965,49.0,27.636192321777344,25.89092254638672,38.02080535888672,35.03599166870117
967,45.0,24.565521240234375,22.949386596679688,37.780616760253906,35.968849182128906
969,47.0,28.027767181396484,26.620315551757812,41.24497604370117,39.70509719848633
971,47.0,26.793710708618164,25.27454376220703,36.68214797973633,33.861236572265625
973,38.0,21.523014068603516,20.089792251586914,28.931856155395508,26.941768646240234
975,37.0,22.28557014465332,20.833072662353516,27.27472496032715,25.394487380981445
977,35.0,20.47907257080078,18.985286712646484,27.427444458007812,25.862258911132812
979,27.0,18.817604064941406,17.794286727905273,27.368627548217773,26.467147827148438
981,29.0,19.614423751831055,18.606117248535156,24.871896743774414,24.086448669433594
983,29.0,18.938215255737305,17.753808975219727,25.420412063598633,23.297718048095703
985,28.0,18.255638122558594,17.081371307373047,27.348752975463867,25.48687744140625
987,31.0,20.266643524169922,18.88498306274414,27.143016815185547,26.036521911621094
989,34.0,24.35239601135254,22.876972198486328,29.69379997253418,27.644176483154297
991,35.0,26.119991302490234,24.653751373291016,30.811494827270508,29.178987503051758
993,37.0,25.128446578979492,23.89777183532715,33.63651657104492,32.09242248535156
995,40.0,30.298175811767578,28.65665054321289,38.82044219970703,37.29170608520508
997,41.0,23.57251739501953,21.84413719177246,35.68815612792969,32.90473937988281
999,36.0,24.261627197265625,22.782054901123047,33.65122985839844,32.099090576171875
1001,38.0,25.101154327392578,23.722816467285156,31.411907196044922,29.773439407348633
1003,33.0,20.909080505371094,19.530437469482422,27.506301879882812,26.264354705810547
1005,34.0,20.95964241027832,19.27376365661621,31.82036018371582,30.246063232421875
1007,32.0,18.332874298095703,16.971050262451172,28.855321884155273,27.139657974243164
1009,27.0,18.034337997436523,16.71067237854004,28.025468826293945,26.648475646972656
1011,28.0,16.205734252929688,14.872455596923828,25.242984771728516,23.92816925048828
1013,26.0,16.36229705810547,15.004761695861816,27.41651153564453,25.920700073242188
1015,28.0,16.940004348754883,15.17744255065918,30.322593688964844,27.264724731445312
1017,28.0,19.686992645263672,18.50186538696289,28.687942504882812,27.807300567626953
1019,29.0,18.990859985351562,17.77570152282715,26.91609001159668,25.669008255004883
1021,30.0,18.958740234375,17.33835220336914,26.981212615966797,24.318336486816406
1023,30.0,20.112499237060547,18.880592346191406,28.81439208984375,27.600914001464844
1025,33.0,20.224733352661133,18.560293197631836,28.249454498291016,25.883102416992188
1027,36.0,19.832374572753906,18.2880859375,22.353919982910156,21.17009735107422
1029,37.0,20.765174865722656,19.059101104736328,28.30858612060547,25.761436462402344
1031,34.0,22.841018676757812,21.447019577026367,30.84463882446289,28.953704833984375
1033,37.0,21.449920654296875,20.110370635986328,32.464656829833984,29.46673583984375
1035,35.0,24.470422744750977,23.093032836914062,35.0284309387207,32.631656646728516
1037,35.0,23.28493881225586,22.091596603393555,30.054546356201172,27.92494010925293
1039,32.0,21.39097785949707,19.1825008392334,31.510276794433594,28.470321655273438
1041,34.0,24.0159969329834,22.488292694091797,32.08705139160156,30.549663543701172
1043,31.0,20.905391693115234,18.369426727294922,32.8991584777832,28.77810287475586
1045,27.0,17.417991638183594,16.133384704589844,29.919116973876953,27.970417022705078
1047,25.0,16.162443161010742,14.677452087402344,30.944644927978516,27.22710418701172
1049,30.0,19.52325439453125,17.981800079345703,28.739513397216797,26.68206024169922
1051,29.0,19.670183181762695,18.39352035522461,30.469532012939453,28.87353515625
1053,29.0,15.897934913635254,14.726698875427246,24.62375259399414,23.073307037353516
1055,31.0,21.51258087158203,20.277544021606445,28.756591796875,27.293006896972656
1057,31.0,19.454483032226562,17.84221076965332,31.638633728027344,28.452604293823242
1059,30.0,13.957304000854492,12.14793586730957,26.23504638671875,22.08974838256836
1061,30.0,13.95052719116211,12.727794647216797,24.878822326660156,23.143220901489258
1063,24.0,15.43637466430664,14.091964721679688,25.798187255859375,23.391075134277344
1065,24.0,15.858793258666992,14.594823837280273,24.390544891357422,22.898204803466797
1067,24.0,15.253035545349121,14.093599319458008,25.57333755493164,23.724863052368164
1069,30.0,21.603294372558594,20.030559539794922,30.589797973632812,27.292394638061523
1071,37.0,18.698646545410156,17.342002868652344,27.896133422851562,25.946664810180664
1073,31.0,22.57341766357422,21.25303840637207,29.97093963623047,28.78264045715332
1075,30.0,18.75997543334961,17.30292510986328,28.02247428894043,26.5284366607666
1077,29.0,22.981327056884766,21.26698112487793,31.27121353149414,28.88738250732422
1079,37.0,20.281352996826172,18.856964111328125,28.520761489868164,27.38495635986328
1081,33.0,19.14566421508789,17.753360748291016,28.484699249267578,25.541465759277344
1083,29.0,19.289485931396484,18.04379653930664,28.350507736206055,26.56798553466797
1085,27.0,20.844820022583008,19.62851905822754,29.647802352905273,27.837535858154297
1087,21.0,15.266164779663086,13.986209869384766,25.76831817626953,23.821903228759766
1089,22.0,15.788488388061523,14.714630126953125,22.671443939208984,21.33723258972168
1091,25.0,15.177922248840332,14.031068801879883,22.604705810546875,21.50269317626953
1093,24.0,18.46123504638672,16.35651397705078,23.643049240112305,21.734661102294922
1095,26.0,17.985511779785156,16.67375373840332,24.94537353515625,23.06734848022461
1097,23.0,15.050999641418457,13.91458511352539,24.79179573059082,23.007905960083008
1099,27.0,19.00559425354004,17.848163604736328,27.589309692382812,26.223318099975586
1101,26.0,17.993791580200195,16.933494567871094,26.81624984741211,25.92424201965332
1103,26.0,18.39841079711914,17.203067779541016,23.800212860107422,22.712413787841797
1105,28.0,16.229930877685547,14.96684741973877,23.231475830078125,22.001815795898438
1107,28.0,16.821983337402344,15.695066452026367,24.229490280151367,23.14298439025879
1109,25.0,16.47517967224121,15.477215766906738,23.047271728515625,21.941898345947266
1111,25.0,15.505613327026367,14.466537475585938,23.822837829589844,22.603487014770508
1113,29.0,17.29735565185547,15.90046501159668,28.113527297973633,25.175905227661133
1115,29.0,17.082475662231445,16.065990447998047,27.275867462158203,26.224990844726562
1117,30.0,17.131315231323242,15.939263343811035,26.169410705566406,24.87720489501953
1119,29.0,19.94265365600586,18.749073028564453,31.369142532348633,29.672523498535156
1121,28.0,21.82971954345703,20.335430145263672,26.92835807800293,25.80620765686035
1123,26.0,19.08779525756836,18.022855758666992,27.774818420410156,26.355077743530273
1125,27.0,18.00486183166504,16.713088989257812,30.4469051361084,28.563995361328125
1127,31.0,23.143938064575195,21.152299880981445,38.129417419433594,33.03533935546875
1129,30.0,20.442790985107422,19.203449249267578,33.64810562133789,31.697616577148438
1131,25.0,15.803400039672852,14.062616348266602,29.880935668945312,25.73334503173828
1133,23.0,15.562456130981445,14.307397842407227,22.87139320373535,21.575342178344727
1135,26.0,17.42009925842285,16.24115562438965,26.7802677154541,25.36663055419922
1137,29.0,17.200748443603516,16.008522033691406,27.446701049804688,25.863651275634766
1139,29.0,15.898274421691895,14.42640495300293,27.841150283813477,24.71015167236328
1141,30.0,20.144176483154297,18.933433532714844,28.68173599243164,26.70398712158203
1143,36.0,20.815383911132812,19.404834747314453,30.56521987915039,28.108999252319336
1145,40.0,24.915287017822266,23.577444076538086,36.327171325683594,34.418922424316406
1147,37.0,23.03531265258789,21.748580932617188,31.155012130737305,30.04062271118164
1149,44.0,26.139162063598633,24.919586181640625,33.85712432861328,32.839481353759766
1151,43.0,24.30124282836914,23.00324821472168,36.712764739990234,34.64944076538086
1153,40.0,30.174182891845703,28.471195220947266,36.08289337158203,34.188575744628906
1155,43.0,29.790767669677734,28.582412719726562,37.536277770996094,36.27705383300781
1157,39.0,23.66156768798828,22.217741012573242,38.36212158203125,34.39384460449219
1159,40.0,24.71502685546875,23.104938507080078,38.59412384033203,35.855934143066406
1161,36.0,21.05813980102539,19.59538459777832,36.20844650268555,33.03852081298828
1163,37.0,21.09857940673828,19.6500301361084,35.303470611572266,31.96048355102539
1165,34.0,23.624252319335938,21.952896118164062,35.81306076049805,33.49589157104492
1167,36.0,25.900470733642578,24.53277587890625,32.82547378540039,31.16473388671875
1169,41.0,28.194759368896484,26.583065032958984,35.696563720703125,34.020713806152344
1171,41.0,27.842193603515625,25.676734924316406,38.019981384277344,34.96916198730469
1173,40.0,25.390037536621094,23.95107650756836,38.53317642211914,36.2545051574707
1175,33.0,22.42020034790039,21.261669158935547,34.07772445678711,32.42637634277344
1177,28.0,19.14970588684082,18.015836715698242,24.420623779296875,23.029499053955078
1179,29.0,18.09524154663086,16.961261749267578,24.991086959838867,23.39389991760254
1181,27.0,16.289873123168945,15.088338851928711,20.694623947143555,19.29261016845703
1183,23.0,16.540390014648438,14.990234375,24.90938949584961,22.93646240234375
1185,27.0,18.63936424255371,17.43852996826172,28.509662628173828,26.874481201171875
1187,27.0,16.506820678710938,15.310519218444824,23.134963989257812,22.085987091064453
1189,27.0,17.428119659423828,16.183090209960938,25.231529235839844,23.494342803955078
1191,29.0,18.79944610595703,17.46320343017578,29.37626838684082,27.290246963500977
1193,31.0,18.188997268676758,16.899673461914062,31.275203704833984,29.897247314453125
1195,30.0,20.063737869262695,18.86912727355957,29.448654174804688,28.296934127807617
1197,28.0,24.052165985107422,22.857994079589844,32.035438537597656,30.540830612182617
1199,28.0,17.403118133544922,16.209796905517578,27.77815818786621,26.367551803588867
1201,29.0,19.54314422607422,18.228300094604492,29.96809959411621,28.206804275512695
1203,30.0,22.099163055419922,20.800954818725586,35.42071533203125,33.143280029296875
1205,27.0,20.794208526611328,19.644020080566406,28.193496704101562,27.178226470947266
1207,28.0,18.35936164855957,17.154766082763672,26.945934295654297,26.0081787109375
1209,28.0,20.60296630859375,19.34963035583496,30.845659255981445,29.139062881469727
1211,32.0,19.824729919433594,18.548274993896484,30.88225555419922,28.87765121459961
1213,30.0,19.494388580322266,18.466201782226562,32.59408950805664,31.134580612182617
1215,23.0,16.383987426757812,15.292258262634277,24.105609893798828,23.14856719970703
1217,23.0,14.792359352111816,13.626667022705078,22.604671478271484,21.2005615234375
1219,22.0,15.956596374511719,14.740367889404297,23.91726303100586,22.317115783691406
1221,32.0,19.45159912109375,17.992904663085938,30.510866165161133,27.43778419494629
1223,34.0,24.451133728027344,22.011547088623047,34.18412780761719,31.343509674072266
1225,33.0,21.960323333740234,20.445295333862305,31.488536834716797,29.401451110839844
1227,36.0,23.880708694458008,20.96205711364746,36.60831069946289,31.864364624023438
1229,39.0,21.757259368896484,20.17671012878418,34.41719436645508,31.22219467163086
1231,36.0,31.67377471923828,29.782146453857422,34.806541442871094,32.303707122802734
1233,37.0,21.403820037841797,20.23941421508789,30.237451553344727,28.879018783569336
1235,32.0,24.004497528076172,22.39580726623535,35.54723358154297,33.687889099121094
1237,33.0,20.21900749206543,18.565082550048828,31.967851638793945,29.94396209716797
1239,35.0,20.48407745361328,18.64335823059082,30.185340881347656,28.05618667602539
1241,29.0,20.74392318725586,19.119739532470703,31.801280975341797,29.786163330078125
1243,27.0,18.56230926513672,16.74107551574707,31.809465408325195,28.141769409179688
1245,28.0,16.008773803710938,14.627004623413086,26.69607162475586,25.055971145629883
1247,25.0,15.65241813659668,14.465963363647461,23.384119033813477,22.017501831054688
1249,24.0,15.811580657958984,14.605298042297363,22.972387313842773,21.598079681396484
1251,23.0,14.037646293640137,12.918716430664062,21.342716217041016,20.13965606689453
1253,26.0,16.390195846557617,15.215465545654297,23.94072914123535,22.514068603515625
1255,25.0,12.737475395202637,11.155092239379883,21.753406524658203,19.957122802734375
1257,24.0,13.164360046386719,11.824488639831543,22.742111206054688,20.622535705566406
1259,29.0,13.916683197021484,12.720930099487305,24.15247344970703,22.43148422241211
1261,28.0,17.232948303222656,15.617437362670898,25.642276763916016,23.84166717529297
1263,27.0,18.330076217651367,16.809776306152344,25.567312240600586,23.3992977142334
1265,33.0,20.666404724121094,19.07111358642578,28.608156204223633,26.092365264892578
1267,35.0,22.072214126586914,20.387792587280273,36.17085266113281,33.6003532409668
1269,37.0,29.945215225219727,28.123464584350586,38.934669494628906,36.869285583496094
1271,35.0,22.998416900634766,20.845327377319336,34.94138717651367,31.525569915771484
1273,35.0,21.014114379882812,19.24955940246582,35.099159240722656,32.88336944580078
1275,36.0,21.29673194885254,19.68279457092285,38.11220932006836,34.30657196044922
1277,36.0,23.554912567138672,21.85543441772461,31.153749465942383,28.92606544494629
1279,35.0,21.79214859008789,20.168672561645508,29.63399314880371,27.31926727294922
1281,34.0,24.783775329589844,23.487895965576172,32.92057800292969,31.191665649414062
1283,35.0,20.58704948425293,19.169517517089844,26.282825469970703,24.604238510131836
1285,38.0,21.656675338745117,20.327604293823242,28.280248641967773,26.371498107910156
1287,31.0,20.597923278808594,18.943031311035156,28.855987548828125,26.749698638916016
1289,31.0,17.27037239074707,15.911041259765625,26.523483276367188,25.249347686767578
1291,31.0,21.36103630065918,19.628141403198242,28.648685455322266,26.84747314453125
1293,28.0,18.91900634765625,17.630422592163086,23.878313064575195,22.767324447631836
1295,30.0,18.531169891357422,17.27351951599121,26.626506805419922,25.36785888671875
1297,31.0,19.68461799621582,18.246051788330078,29.60216522216797,28.424339294433594
1299,34.0,19.70815658569336,18.13248634338379,30.279098510742188,27.990520477294922
1301,30.0,18.51707649230957,16.93301010131836,30.29960060119629,28.296995162963867
1303,27.0,17.628631591796875,15.060297012329102,28.12102508544922,23.94924545288086
1305,30.0,16.158100128173828,14.958775520324707,26.923946380615234,25.629894256591797
1307,30.0,18.323486328125,15.921103477478027,28.74231719970703,25.015453338623047
1309,34.0,17.757705688476562,15.798833847045898,29.692012786865234,27.683635711669922
1311,35.0,24.90450096130371,23.187602996826172,33.926090240478516,31.976707458496094
1313,35.0,22.096342086791992,20.226322174072266,36.23122787475586,31.932861328125
1315,34.0,21.331707000732422,19.245162963867188,32.84157943725586,29.794553756713867
1317,34.0,19.642906188964844,17.197494506835938,32.14763641357422,28.43663787841797
1319,30.0,20.71799087524414,18.901836395263672,32.18271255493164,28.652530670166016
1321,32.0,22.348297119140625,20.162757873535156,34.74375915527344,30.360027313232422
1323,30.0,19.460975646972656,17.693811416625977,34.82986831665039,30.891586303710938
1325,34.0,19.984506607055664,18.669002532958984,32.83015060424805,30.8953914642334
1327,34.0,18.771221160888672,17.17401885986328,29.782522201538086,27.059816360473633
1329,27.0,18.537904739379883,16.779491424560547,27.01535415649414,24.381961822509766
1331,22.0,14.431438446044922,12.839691162109375,22.334041595458984,19.51128387451172
1333,23.0,17.228153228759766,15.442902565002441,26.705299377441406,23.57616424560547
1335,18.0,11.509757995605469,9.821889877319336,20.946914672851562,18.346336364746094
1337,20.0,14.95949935913086,13.003665924072266,26.174619674682617,23.488109588623047
1339,18.0,11.59793472290039,10.180875778198242,20.605737686157227,19.102827072143555
1341,21.0,13.634428024291992,12.256511688232422,23.97093963623047,21.82897186279297
1343,19.0,16.58503532409668,14.754196166992188,26.33655548095703,23.544361114501953
1345,23.0,13.468249320983887,11.914474487304688,23.432598114013672,21.21337890625
1347,24.0,14.497540473937988,13.218791007995605,25.30499267578125,23.322124481201172
1349,24.0,15.043926239013672,13.626029968261719,23.778892517089844,22.50554656982422
1351,25.0,16.055221557617188,14.418403625488281,26.65755844116211,24.909774780273438
1353,28.0,16.521753311157227,15.12773609161377,24.969743728637695,22.964942932128906
1355,31.0,18.251388549804688,16.990859985351562,32.410274505615234,30.400245666503906
1357,28.0,18.252777099609375,16.62645149230957,27.782617568969727,26.109785079956055
1359,29.0,16.91933822631836,15.36473274230957,30.470489501953125,27.6767578125
1361,28.0,18.290878295898438,15.353879928588867,27.706371307373047,24.427106857299805
1363,25.0,16.68372344970703,15.230090141296387,26.009708404541016,23.816001892089844
1365,26.0,19.569103240966797,15.606074333190918,29.904308319091797,25.735755920410156
1367,22.0,15.43307113647461,13.72047233581543,28.930419921875,25.736377716064453
1369,23.0,16.775222778320312,14.679980278015137,29.206342697143555,25.74964714050293
1371,19.0,13.38670825958252,11.540495872497559,27.21939468383789,23.21685791015625
1373,17.0,9.770881652832031,7.992258071899414,20.612674713134766,17.34136199951172
1375,20.0,11.275540351867676,9.285086631774902,20.986764907836914,17.240589141845703
1377,20.0,13.018789291381836,11.218585968017578,22.238069534301758,18.9544677734375
1379,19.0,12.520950317382812,10.223345756530762,20.189138412475586,16.8947696685791
1381,22.0,12.943901062011719,11.337878227233887,25.641136169433594,21.64771270751953
1383,21.0,12.635560989379883,11.248603820800781,22.848331451416016,20.598670959472656
1385,28.0,14.152515411376953,12.712261199951172,25.654129028320312,22.03994369506836
1387,29.0,14.78222942352295,13.36758041381836,25.342151641845703,23.228851318359375
1389,27.0,13.221302032470703,11.431299209594727,24.625843048095703,21.918935775756836
1391,30.0,15.313278198242188,13.768850326538086,26.06844139099121,23.15553855895996
1393,29.0,16.15380096435547,14.171136856079102,30.665111541748047,26.786537170410156
1395,28.0,16.032358169555664,14.266181945800781,26.152631759643555,23.031558990478516
1397,25.0,13.04704475402832,11.620112419128418,22.196256637573242,20.132930755615234
1399,23.0,12.553526878356934,10.979076385498047,22.938129425048828,19.727712631225586
1401,27.0,13.638579368591309,12.084156036376953,23.520849227905273,21.021499633789062
1403,29.0,15.899867057800293,14.565324783325195,29.13327980041504,27.51167869567871
1405,35.0,21.128894805908203,18.79265594482422,32.65216064453125,28.69864845275879
1407,37.0,19.85906219482422,18.226821899414062,32.522605895996094,29.748769760131836
1409,35.0,19.229585647583008,17.877418518066406,30.214641571044922,28.00503921508789
1411,33.0,20.25294303894043,18.707275390625,32.74485778808594,30.22442054748535
1413,31.0,20.460521697998047,17.84510040283203,34.63533020019531,30.714786529541016
1415,34.0,19.779739379882812,18.228492736816406,38.12298583984375,34.482261657714844
1417,33.0,19.94859504699707,18.23941993713379,34.09937286376953,30.75135040283203
1419,38.0,19.940532684326172,18.725431442260742,35.46548080444336,32.70005416870117
1421,39.0,18.37701988220215,16.85955810546875,32.131011962890625,28.998031616210938
1423,38.0,22.606399536132812,21.281288146972656,32.8316650390625,30.426002502441406
1425,36.0,21.3502254486084,19.8355655670166,32.52933120727539,30.185832977294922
1427,44.0,25.35260009765625,23.964244842529297,39.608123779296875,36.78028106689453
1429,40.0,19.877275466918945,18.576616287231445,30.358016967773438,28.47066879272461
1431,38.0,21.652240753173828,20.12122344970703,31.392780303955078,28.43633460998535
1433,37.0,18.103900909423828,16.752384185791016,28.582632064819336,26.461864471435547
1435,31.0,14.582902908325195,13.390192031860352,27.25815200805664,25.213390350341797
1437,32.0,17.540218353271484,15.925521850585938,25.67275619506836,23.013458251953125
1439,34.0,16.71837043762207,15.352466583251953,24.82416343688965,23.246013641357422
1441,37.0,16.561447143554688,15.165098190307617,26.53885269165039,24.079734802246094
1443,30.0,15.410806655883789,13.81341552734375,27.526535034179688,24.39202880859375
1445,34.0,16.856050491333008,15.393695831298828,30.682464599609375,27.9564208984375
1447,37.0,21.157197952270508,19.23453140258789,31.737445831298828,28.817211151123047
1449,36.0,18.99441909790039,16.799644470214844,28.284679412841797,24.850406646728516
1451,39.0,19.90178680419922,18.320871353149414,33.03460693359375,29.984455108642578
1453,40.0,21.13433074951172,19.132034301757812,38.261573791503906,33.340431213378906
1455,40.0,23.01836585998535,21.266950607299805,36.293025970458984,33.17002487182617
1457,45.0,24.266075134277344,22.389652252197266,36.74237823486328,33.47473907470703
1459,42.0,27.33208465576172,25.665374755859375,38.50446319580078,36.23538589477539
1461,36.0,19.39021873474121,17.50153923034668,32.53349304199219,29.49251365661621
1463,39.0,20.27004623413086,18.339550018310547,34.459259033203125,30.336719512939453
1465,37.0,21.871896743774414,20.26512908935547,29.66299819946289,27.759410858154297
1467,31.0,18.80554962158203,16.51128387451172,26.256187438964844,23.68755531311035
1469,34.0,19.51700210571289,17.759109497070312,24.95132827758789,23.507034301757812
1471,32.0,16.436979293823242,15.167036056518555,25.795101165771484,24.17273712158203
1473,29.0,15.631020545959473,14.386284828186035,21.64501953125,20.62905502319336
1475,31.0,17.868038177490234,16.54571533203125,23.924095153808594,22.610027313232422
1477,29.0,17.46860122680664,16.21337890625,24.300552368164062,23.16320037841797
1479,28.0,19.452407836914062,18.01021385192871,26.653743743896484,25.139522552490234
1481,28.0,19.130083084106445,17.758480072021484,26.25783920288086,24.58234405517578
1483,31.0,22.356937408447266,20.791751861572266,28.329675674438477,26.66771697998047
1485,34.0,22.79105567932129,21.29812240600586,27.132360458374023,25.611495971679688
1487,37.0,22.922622680664062,21.190738677978516,28.805233001708984,25.98363494873047
1489,35.0,23.2078857421875,21.47473907470703,33.940879821777344,31.138839721679688
1491,31.0,19.78713607788086,17.917774200439453,30.462909698486328,26.663177490234375
1493,35.0,23.395465850830078,21.605318069458008,36.78974914550781,33.47423553466797
1495,33.0,21.93108367919922,20.369640350341797,32.63872528076172,30.34950065612793
1497,37.0,23.691326141357422,21.641090393066406,37.564796447753906,34.42616271972656
1499,40.0,22.64142417907715,21.05057716369629,39.305484771728516,36.12672424316406
1501,45.0,29.80960464477539,28.178443908691406,45.052276611328125,42.475013732910156
1503,47.0,27.8460636138916,25.661266326904297,43.80951690673828,40.80186462402344
1505,47.0,25.997600555419922,24.430606842041016,38.034202575683594,35.69740295410156
1507,41.0,26.30736541748047,24.605213165283203,39.20354080200195,37.02397918701172
1509,43.0,27.06936264038086,25.433216094970703,40.52748107910156,37.60553741455078
1511,42.0,28.050804138183594,26.18273162841797,43.542205810546875,40.2924690246582
1513,39.0,27.44688606262207,25.897846221923828,36.830230712890625,34.82847595214844
1515,37.0,21.10049057006836,19.363014221191406,31.42694091796875,29.38837432861328
1517,34.0,20.20379638671875,18.453781127929688,33.71509552001953,31.112951278686523
1519,34.0,22.08246612548828,20.560611724853516,32.02553939819336,30.218318939208984
1521,33.0,24.840892791748047,23.485591888427734,33.11338806152344,31.48595428466797
1523,33.0,20.030471801757812,18.57912254333496,32.46699905395508,30.879844665527344
1525,29.0,17.910924911499023,16.136295318603516,31.556324005126953,28.881484985351562
1527,27.0,16.158838272094727,14.730443954467773,30.28847885131836,28.425540924072266
1529,28.0,17.28255271911621,15.609073638916016,31.965269088745117,29.469924926757812
1531,31.0,17.740177154541016,16.454383850097656,28.98857879638672,27.082218170166016
1533,34.0,22.85727882385254,20.952651977539062,30.76375961303711,28.332548141479492
1535,34.0,21.407678604125977,19.723735809326172,33.61711883544922,30.206470489501953
1537,34.0,19.413795471191406,17.85860824584961,28.306278228759766,26.525089263916016
1539,39.0,22.32823944091797,20.735116958618164,32.11791229248047,29.799182891845703
1541,33.0,20.225421905517578,18.90003204345703,31.386249542236328,28.805587768554688
1543,41.0,21.87441635131836,19.86063003540039,34.6026611328125,31.1226806640625
1545,42.0,25.932777404785156,23.82955551147461,37.503379821777344,34.35919189453125
1547,39.0,21.426517486572266,19.78786277770996,31.206886291503906,28.52617073059082
1549,39.0,20.958669662475586,19.597637176513672,33.69495391845703,30.497156143188477
1551,41.0,23.434091567993164,21.97745704650879,38.285377502441406,36.2401123046875
1553,43.0,27.63435935974121,25.69321632385254,39.61586380004883,36.79156494140625
1555,44.0,29.806516647338867,27.757299423217773,37.504066467285156,35.55860900878906
1557,45.0,23.38239288330078,21.649673461914062,32.04692077636719,29.14736557006836
1559,45.0,25.22207260131836,23.579448699951172,33.6817626953125,31.558670043945312
1561,46.0,21.61716079711914,19.989635467529297,30.71676254272461,28.972625732421875
1563,38.0,23.02235984802246,21.280099868774414,35.41645050048828,31.72165298461914
1565,33.0,17.449420928955078,15.95038890838623,29.19750213623047,27.288734436035156
1567,33.0,19.717872619628906,17.937328338623047,31.11279296875,28.736221313476562
1569,28.0,14.154086112976074,12.772719383239746,23.25714874267578,21.635692596435547
1571,23.0,11.628839492797852,9.967330932617188,19.67157745361328,17.64892578125
1573,22.0,13.217570304870605,11.288862228393555,22.34872817993164,19.251239776611328
1575,25.0,16.077964782714844,14.612469673156738,28.17285919189453,24.183889389038086
1577,26.0,17.02703857421875,15.561092376708984,28.54916763305664,25.63357925415039
1579,28.0,18.002063751220703,16.756736755371094,27.34612464904785,25.762975692749023
1581,30.0,19.068405151367188,17.356971740722656,29.703582763671875,26.919631958007812
1583,30.0,21.857547760009766,20.207263946533203,29.545974731445312,27.291513442993164
1585,29.0,18.84846305847168,17.050500869750977,24.897403717041016,22.787250518798828
1587,31.0,19.176982879638672,17.75657844543457,28.39090347290039,26.177040100097656
1589,32.0,19.13296890258789,17.624160766601562,26.288572311401367,24.848459243774414
1591,34.0,18.871387481689453,17.197242736816406,27.548595428466797,25.583011627197266
1593,33.0,18.76388168334961,16.92669677734375,28.328367233276367,26.4242000579834
1595,30.0,18.88545036315918,17.2841796875,26.231300354003906,24.206192016601562
1597,30.0,18.517024993896484,16.783668518066406,25.834022521972656,23.76542854309082
1599,35.0,21.644317626953125,20.23861312866211,30.457138061523438,28.774669647216797
1601,30.0,23.545242309570312,21.55173110961914,32.193504333496094,29.92932891845703
1603,29.0,16.755868911743164,15.231962203979492,28.11092758178711,26.384849548339844
1605,32.0,22.782276153564453,21.01336669921875,33.92955017089844,31.256595611572266
1607,34.0,22.212177276611328,20.17325782775879,31.49941062927246,29.5926456451416
1609,31.0,17.430442810058594,15.782417297363281,27.068836212158203,25.220184326171875
1611,28.0,15.533851623535156,14.216228485107422,23.759496688842773,22.313798904418945
1613,30.0,15.546295166015625,13.915704727172852,27.46462631225586,25.27646255493164
1615,29.0,13.977771759033203,12.596822738647461,23.044532775878906,19.352294921875
1617,36.0,19.420578002929688,17.689218521118164,27.146869659423828,23.64911651611328
1619,37.0,20.982219696044922,19.281387329101562,24.968379974365234,22.772602081298828
1621,32.0,16.256549835205078,14.938212394714355,18.866668701171875,17.348373413085938
1623,37.0,17.160709381103516,15.753077507019043,24.682674407958984,22.782909393310547
1625,33.0,18.248817443847656,16.404476165771484,29.513885498046875,27.70191192626953
1627,42.0,21.430858612060547,19.684978485107422,33.65983200073242,30.608963012695312
1629,41.0,21.735469818115234,20.180618286132812,30.23983383178711,27.67666244506836
1631,43.0,23.852855682373047,22.232986450195312,33.58481216430664,30.689624786376953
1633,46.0,25.233684539794922,23.640209197998047,35.786888122558594,33.71184158325195
1635,44.0,24.692028045654297,23.08214569091797,36.50927734375,34.07896423339844
1637,45.0,24.418787002563477,22.665746688842773,34.74822998046875,31.363332748413086
1639,45.0,28.64592742919922,27.114025115966797,38.02995300292969,34.457252502441406
1641,40.0,26.702198028564453,24.815322875976562,39.636383056640625,36.893619537353516
1643,44.0,20.448102951049805,19.304704666137695,32.31869888305664,30.587505340576172
1645,44.0,24.26564598083496,22.935630798339844,37.751163482666016,35.68728256225586
1647,44.0,28.906875610351562,27.670455932617188,39.48647689819336,37.82632064819336
1649,41.0,23.885169982910156,22.63521957397461,36.141448974609375,33.88668441772461
1651,48.0,27.27371597290039,25.194931030273438,41.832061767578125,37.68550109863281
1653,44.0,26.601192474365234,24.796781539916992,40.04652786254883,37.25187683105469
1655,41.0,26.801286697387695,25.009170532226562,42.83973693847656,40.37744903564453
1657,39.0,25.8679256439209,24.249046325683594,42.38114929199219,39.838661193847656
1659,38.0,20.966896057128906,19.217296600341797,35.097381591796875,32.58536911010742
1661,37.0,24.581205368041992,22.658405303955078,37.50263214111328,33.92076873779297
1663,33.0,22.07381248474121,20.423124313354492,35.27155303955078,32.615882873535156
1665,36.0,24.12868881225586,22.187435150146484,37.53002166748047,33.89936065673828
1667,32.0,18.10732650756836,16.46322250366211,31.8098201751709,29.636770248413086
1669,27.0,16.178340911865234,14.149078369140625,29.975006103515625,25.050792694091797
1671,32.0,17.379919052124023,15.606864929199219,25.250425338745117,23.0815486907959
1673,30.0,17.50491714477539,15.932865142822266,25.99772071838379,23.943326950073242
1675,31.0,15.841273307800293,14.222899436950684,25.410921096801758,22.727680206298828
1677,28.0,14.348925590515137,12.834024429321289,24.70034408569336,22.724803924560547
1679,28.0,16.919963836669922,15.514385223388672,27.508102416992188,25.328346252441406
1681,31.0,17.346324920654297,15.820850372314453,24.86675262451172,22.53083038330078
1683,30.0,16.501728057861328,15.099410057067871,25.479965209960938,23.678539276123047
1685,32.0,20.246601104736328,18.693321228027344,28.950843811035156,26.743473052978516
1687,30.0,19.749839782714844,18.31658172607422,23.811126708984375,22.08670425415039
1689,26.0,15.117526054382324,13.754426002502441,21.60568618774414,19.996713638305664
1691,25.0,16.735397338867188,15.293272018432617,23.625045776367188,21.85818099975586
1693,26.0,14.933716773986816,13.75632381439209,21.896501541137695,20.581546783447266
1695,24.0,13.514606475830078,12.366363525390625,21.70178985595703,20.63770294189453
1697,20.0,10.902315139770508,9.568096160888672,18.076419830322266,16.39021110534668
1699,20.0,10.47319221496582,9.206462860107422,17.73862075805664,16.346649169921875
1701,21.0,12.432882308959961,10.942283630371094,19.768932342529297,17.565595626831055
1703,21.0,12.29139232635498,10.609779357910156,19.211721420288086,17.21753692626953
1705,26.0,14.400201797485352,12.990787506103516,25.262521743774414,22.89093017578125
1707,30.0,16.337087631225586,14.815539360046387,27.008907318115234,24.722543716430664
1709,34.0,16.60918426513672,14.8177490234375,28.295825958251953,25.8347110748291
1711,30.0,19.780590057373047,18.20718002319336,33.203712463378906,30.028358459472656
1713,29.0,18.25128173828125,17.051992416381836,30.81641960144043,28.537487030029297
1715,36.0,23.3187255859375,21.526390075683594,37.58479690551758,34.36399841308594
1717,34.0,25.05912208557129,22.201616287231445,36.588279724121094,33.27970886230469
1719,37.0,21.55423355102539,19.186859130859375,33.644134521484375,30.286701202392578
1721,38.0,24.3941650390625,21.729562759399414,34.84761047363281,31.757301330566406
1723,27.0,18.93952751159668,17.28074073791504,30.422321319580078,27.29844093322754
1725,27.0,18.986858367919922,17.624969482421875,29.988014221191406,26.93160629272461
1727,27.0,18.09814453125,16.58867645263672,34.879783630371094,30.03983497619629
1729,32.0,24.491397857666016,22.754920959472656,39.981719970703125,35.4642219543457
1731,31.0,21.14295196533203,19.090782165527344,30.15544891357422,27.245765686035156
1733,26.0,18.881973266601562,17.291484832763672,27.718944549560547,25.5792179107666
1735,25.0,20.595975875854492,18.393512725830078,24.165386199951172,21.558040618896484
1737,28.0,17.57652473449707,16.185701370239258,24.05902099609375,22.091064453125
1739,30.0,18.57642364501953,17.159839630126953,26.726146697998047,24.6710205078125
1741,34.0,22.119407653808594,19.874832153320312,32.15426254272461,29.319805145263672
1743,30.0,22.964101791381836,20.986448287963867,36.42288589477539,33.656494140625
1745,34.0,22.329662322998047,20.691425323486328,35.13100814819336,31.910755157470703
1747,36.0,23.95244598388672,22.329017639160156,33.70085144042969,29.924253463745117
1749,33.0,22.04201889038086,20.446556091308594,30.30704116821289,28.44507598876953
1751,32.0,18.02271270751953,16.680099487304688,27.92159080505371,25.792675018310547
1753,30.0,19.034183502197266,17.634090423583984,27.49066925048828,25.358882904052734
1755,29.0,16.207103729248047,14.843988418579102,21.31195831298828,19.4321346282959
1757,39.0,21.327600479125977,19.877464294433594,33.14142608642578,31.05130958557129
1759,41.0,21.534889221191406,20.360088348388672,37.40925216674805,34.939781188964844
1761,37.0,21.074785232543945,19.772571563720703,36.04686737060547,33.775001525878906
1763,34.0,20.73843765258789,19.422405242919922,31.684240341186523,29.81284523010254
1765,32.0,20.835559844970703,19.603893280029297,29.94002914428711,28.441593170166016
1767,30.0,17.62102508544922,16.300474166870117,21.050487518310547,19.93096923828125
1769,35.0,18.61919403076172,16.974407196044922,24.563879013061523,22.163379669189453
1771,35.0,25.155391693115234,23.518938064575195,33.389102935791016,31.228656768798828
1773,36.0,20.999725341796875,19.060653686523438,31.183963775634766,28.669681549072266
1775,33.0,16.793920516967773,15.199195861816406,29.208606719970703,27.08983612060547
1777,32.0,21.027965545654297,19.20245361328125,29.029769897460938,27.153182983398438
1779,32.0,20.753984451293945,19.00457000732422,28.36549949645996,26.06302833557129
1781,35.0,18.23877716064453,16.56652069091797,28.66210174560547,26.194866180419922
1783,32.0,17.736764907836914,15.872116088867188,25.870798110961914,22.66888427734375
1785,36.0,20.201780319213867,18.390405654907227,30.28449058532715,27.598237991333008
1787,31.0,19.276142120361328,17.456619262695312,24.766525268554688,22.560853958129883
1789,32.0,18.181053161621094,16.65245246887207,25.440807342529297,23.00905418395996
1791,30.0,16.32888412475586,14.840238571166992,26.25453758239746,23.700159072875977
1793,34.0,17.89251708984375,16.171506881713867,27.992568969726562,25.05493927001953
1795,39.0,20.36575698852539,18.707046508789062,32.33956527709961,28.520530700683594
1797,37.0,19.560585021972656,18.037275314331055,31.06625747680664,29.123943328857422
1799,43.0,23.271682739257812,21.844587326049805,39.3245849609375,37.17510986328125
1801,37.0,23.918224334716797,22.323627471923828,33.151065826416016,30.672128677368164
1803,37.0,24.103925704956055,22.162635803222656,36.936729431152344,33.78456497192383
1805,37.0,20.910449981689453,19.463104248046875,37.38395690917969,34.55234146118164
1807,41.0,24.01256561279297,22.152631759643555,36.45745086669922,33.32219314575195
1809,45.0,23.330516815185547,21.45362091064453,36.24108123779297,33.04555892944336
1811,41.0,20.521793365478516,18.68004035949707,33.762046813964844,30.37684440612793
1813,44.0,26.785114288330078,23.976863861083984,45.695499420166016,40.05333709716797
1815,37.0,18.012340545654297,16.660512924194336,30.081214904785156,27.377655029296875
1817,32.0,20.251911163330078,18.54055404663086,32.038665771484375,29.604341506958008
1819,31.0,19.630979537963867,17.954288482666016,27.906700134277344,25.12701988220215
1821,30.0,23.49249267578125,21.57029151916504,33.40091323852539,30.113662719726562
1823,36.0,22.332042694091797,20.716976165771484,32.00883483886719,29.771738052368164
1825,32.0,25.159557342529297,23.258546829223633,32.28447341918945,29.72076988220215
1827,31.0,20.683910369873047,19.151264190673828,26.96932601928711,25.036365509033203
1829,29.0,18.719276428222656,17.17660903930664,22.99901008605957,20.835643768310547
1831,30.0,17.479129791259766,15.54046630859375,29.55480194091797,25.816715240478516
1833,40.0,25.379730224609375,23.59598159790039,36.514991760253906,34.382041931152344
1835,44.0,25.905424118041992,23.602649688720703,37.367042541503906,34.38187026977539
1837,36.0,22.518407821655273,21.178098678588867,31.266681671142578,29.238521575927734
1839,37.0,22.008825302124023,20.240890502929688,28.843856811523438,26.784648895263672
1841,37.0,23.193185806274414,21.45695686340332,32.52412033081055,29.863666534423828
1843,40.0,25.36111068725586,24.08875274658203,32.544795989990234,30.844097137451172
1845,42.0,25.840763092041016,23.884912490844727,36.815528869628906,34.71641540527344
1847,41.0,26.655376434326172,25.203521728515625,35.474510192871094,33.78040313720703
1849,42.0,25.74814796447754,24.027610778808594,33.72066116333008,32.071128845214844
1851,36.0,22.424949645996094,20.520225524902344,33.58892822265625,30.503864288330078
1853,35.0,21.399093627929688,19.423839569091797,30.996753692626953,28.549142837524414
1855,39.0,22.88823890686035,21.227031707763672,29.832971572875977,27.86027717590332
1857,33.0,26.51473617553711,24.866697311401367,30.40584373474121,28.263547897338867
1859,33.0,22.41935920715332,20.459003448486328,31.69985580444336,29.295820236206055
1861,36.0,20.09970474243164,18.03081512451172,30.01333999633789,27.131759643554688
1863,35.0,19.792123794555664,17.831270217895508,28.896358489990234,26.35262680053711
1865,30.0,17.33304214477539,15.921160697937012,26.315818786621094,24.629100799560547
1867,26.0,16.694175720214844,15.200223922729492,24.80658531188965,22.51024055480957
1869,26.0,16.02120018005371,14.272859573364258,28.208831787109375,25.597408294677734
1871,30.0,19.23302459716797,17.97496795654297,29.06520652770996,27.399503707885742
1873,29.0,15.790438652038574,14.381848335266113,24.852066040039062,22.601356506347656
1875,27.0,16.58588218688965,14.69411849975586,25.725814819335938,23.005767822265625
1877,27.0,15.462020874023438,13.848487854003906,25.085124969482422,21.729019165039062
1879,30.0,20.61958885192871,18.91701889038086,28.461894989013672,25.945457458496094
1881,30.0,20.839582443237305,18.646869659423828,29.729270935058594,27.25542449951172
1883,33.0,21.448474884033203,19.656776428222656,31.664236068725586,28.490970611572266
1885,32.0,24.827739715576172,23.29898452758789,30.331422805786133,27.842519760131836
1887,29.0,19.021068572998047,17.29336166381836,25.618377685546875,23.00084686279297
1889,30.0,19.977252960205078,18.62220001220703,25.917640686035156,24.147216796875
1891,29.0,21.20513153076172,19.855112075805664,26.070241928100586,24.040691375732422
1893,27.0,17.66290855407715,16.019968032836914,27.111482620239258,24.638288497924805
1895,29.0,20.922470092773438,19.014644622802734,30.217607498168945,27.56139373779297
1897,30.0,19.002735137939453,17.064599990844727,32.144004821777344,27.87542724609375
1899,30.0,23.55486297607422,20.564891815185547,35.10702133178711,30.009098052978516
1901,33.0,23.193981170654297,21.076160430908203,31.608129501342773,28.46394920349121
1903,31.0,21.908920288085938,20.085243225097656,28.441009521484375,26.09691619873047
1905,28.0,19.076072692871094,17.33249282836914,23.530256271362305,20.81864356994629
1907,33.0,23.169435501098633,21.57318878173828,28.74427604675293,26.075855255126953
1909,29.0,17.290245056152344,15.707996368408203,24.1624813079834,22.309955596923828
1911,29.0,17.5560302734375,16.07245635986328,25.566442489624023,23.395505905151367
1913,35.0,22.09494972229004,20.428646087646484,31.10318946838379,28.12867546081543
1915,33.0,20.252140045166016,18.57564926147461,32.47065734863281,29.89940643310547
1917,32.0,21.524513244628906,20.312702178955078,31.356157302856445,29.76545524597168
1919,39.0,26.52820587158203,24.28821563720703,34.63021469116211,32.07597732543945
1921,35.0,22.060272216796875,20.36960220336914,26.455543518066406,24.25654411315918
1923,29.0,20.094449996948242,18.585887908935547,25.194169998168945,23.767009735107422
1925,25.0,19.616168975830078,17.626924514770508,22.87190818786621,20.854782104492188
1927,31.0,20.059261322021484,18.6387882232666,26.04814910888672,24.08496856689453
1929,29.0,21.26987075805664,19.693283081054688,28.45525360107422,26.289249420166016
1931,32.0,18.62408447265625,17.19710350036621,28.63882064819336,26.30853271484375
1933,30.0,17.557287216186523,16.181474685668945,24.867321014404297,23.192745208740234
1935,28.0,15.652641296386719,14.06778335571289,22.172101974487305,20.293527603149414
1937,29.0,14.627654075622559,13.341947555541992,20.24570655822754,18.9292049407959
1939,25.0,18.09524154663086,16.11566734313965,23.788101196289062,21.613323211669922
1941,25.0,19.8450927734375,18.462886810302734,25.00483512878418,23.531965255737305
1943,24.0,16.414583206176758,14.998101234436035,22.893413543701172,21.75104522705078
1945,27.0,21.254337310791016,20.005311965942383,25.45818328857422,23.721763610839844
1947,32.0,23.916343688964844,22.50458526611328,35.64866638183594,31.359195709228516
1949,27.0,19.28246307373047,17.46387481689453,27.703144073486328,25.513669967651367
1951,32.0,20.018970489501953,18.052261352539062,32.358428955078125,29.923574447631836
1953,32.0,22.083587646484375,20.358816146850586,32.19690704345703,29.782041549682617
1955,27.0,19.323944091796875,17.692171096801758,26.847288131713867,25.07976722717285
1957,28.0,16.280899047851562,14.814737319946289,27.892024993896484,25.519155502319336
1959,28.0,17.787521362304688,15.573113441467285,30.791748046875,27.65213394165039
1961,29.0,17.716079711914062,15.890279769897461,30.23574447631836,26.936019897460938
1963,30.0,19.90786361694336,18.543882369995117,33.82269287109375,30.408605575561523
1965,32.0,22.564062118530273,20.9042911529541,36.732460021972656,33.7062873840332
1967,29.0,15.365387916564941,13.783263206481934,25.698354721069336,23.272275924682617
1969,25.0,16.041427612304688,13.193007469177246,28.280372619628906,24.270566940307617
1971,29.0,18.767202377319336,16.928190231323242,31.518741607666016,28.641170501708984
1973,28.0,18.256940841674805,16.623720169067383,27.972618103027344,26.136341094970703
1975,28.0,16.520797729492188,14.517218589782715,27.675413131713867,24.92908477783203
1977,30.0,19.381935119628906,17.176464080810547,27.741195678710938,25.119770050048828
1979,30.0,18.413599014282227,16.6914005279541,27.00282096862793,25.034334182739258
1981,29.0,15.719377517700195,14.063060760498047,24.764902114868164,22.639692306518555
1983,33.0,19.177326202392578,17.239852905273438,31.817481994628906,29.32675552368164
1985,36.0,22.663532257080078,20.567092895507812,36.81371307373047,33.716434478759766
1987,26.0,19.627246856689453,16.5119571685791,33.67085647583008,28.666595458984375
1989,26.0,15.753459930419922,14.104503631591797,24.923635482788086,22.11148452758789
1991,28.0,17.386165618896484,15.475014686584473,28.51237678527832,25.831186294555664
1993,28.0,15.993330001831055,14.3165283203125,23.86751365661621,21.83599090576172
1995,29.0,17.452930450439453,15.702667236328125,26.59353256225586,23.6962890625
1997,27.0,14.388471603393555,12.50944995880127,23.465076446533203,20.17961883544922
1999,26.0,15.487669944763184,12.776477813720703,26.550016403198242,21.744186401367188
