model,scale,frame,row,col,gt,pred
official_A,0.5,0,0,0,0.0,0.1919918
official_A,0.5,0,0,1,0.0,0.09211539
official_A,0.5,0,0,2,0.0,-0.20632692
official_A,0.5,0,1,0,12.0,16.224966
official_A,0.5,0,1,1,62.0,94.32196
official_A,0.5,0,1,2,3.0,3.919848
official_A,0.5,0,2,0,21.0,37.858963
official_A,0.5,0,2,1,125.0,131.77432
official_A,0.5,0,2,2,54.0,70.600235
official_A,0.5,0,3,0,26.0,23.0616
official_A,0.5,0,3,1,64.0,59.8507
official_A,0.5,0,3,2,45.0,45.597946
official_A,0.5,0,4,0,23.0,21.705515
official_A,0.5,0,4,1,31.0,26.244524
official_A,0.5,0,4,2,29.0,23.214485
official_A,0.5,0,5,0,10.0,9.51184
official_A,0.5,0,5,1,15.0,12.945739
official_A,0.5,0,5,2,15.0,12.41967
official_A,0.5,93,0,0,0.0,0.25154093
official_A,0.5,93,0,1,0.0,0.09902065
official_A,0.5,93,0,2,0.0,-0.14127424
official_A,0.5,93,1,0,1.0,1.1911643
official_A,0.5,93,1,1,5.0,-0.00059840316
official_A,0.5,93,1,2,1.0,2.8991477
official_A,0.5,93,2,0,21.0,33.41784
official_A,0.5,93,2,1,112.0,130.12743
official_A,0.5,93,2,2,48.0,79.46706
official_A,0.5,93,3,0,28.0,26.501146
official_A,0.5,93,3,1,56.0,52.08837
official_A,0.5,93,3,2,41.0,41.893402
official_A,0.5,93,4,0,22.0,22.793072
official_A,0.5,93,4,1,28.0,22.62925
official_A,0.5,93,4,2,29.0,22.41043
official_A,0.5,93,5,0,11.0,9.173042
official_A,0.5,93,5,1,18.0,14.256037
official_A,0.5,93,5,2,19.0,13.453022
official_A,0.5,186,0,0,0.0,0.24457055
official_A,0.5,186,0,1,0.0,0.05880474
official_A,0.5,186,0,2,0.0,-0.12947892
official_A,0.5,186,1,0,5.0,6.631555
official_A,0.5,186,1,1,33.0,24.149038
official_A,0.5,186,1,2,0.0,3.1277277
official_A,0.5,186,2,0,18.0,26.849525
official_A,0.5,186,2,1,126.0,130.69395
official_A,0.5,186,2,2,54.0,72.78893
official_A,0.5,186,3,0,29.0,29.376081
official_A,0.5,186,3,1,70.0,61.97348
official_A,0.5,186,3,2,39.0,44.960045
official_A,0.5,186,4,0,23.0,22.744965
official_A,0.5,186,4,1,29.0,28.817204
official_A,0.5,186,4,2,30.0,26.721306
official_A,0.5,186,5,0,11.0,9.597816
official_A,0.5,186,5,1,19.0,12.727615
official_A,0.5,186,5,2,17.0,12.65513
official_A,0.5,279,0,0,0.0,-0.03842967
official_A,0.5,279,0,1,0.0,0.16112259
official_A,0.5,279,0,2,0.0,-0.0077918023
official_A,0.5,279,1,0,0.0,0.7980244
official_A,0.5,279,1,1,0.0,0.08055323
official_A,0.5,279,1,2,0.0,0.22028404
official_A,0.5,279,2,0,4.0,13.187796
official_A,0.5,279,2,1,110.0,122.282364
official_A,0.5,279,2,2,47.0,62.220932
official_A,0.5,279,3,0,30.0,26.760601
official_A,0.5,279,3,1,81.0,67.38577
official_A,0.5,279,3,2,48.0,60.538227
official_A,0.5,279,4,0,21.0,22.762663
official_A,0.5,279,4,1,33.0,33.36319
official_A,0.5,279,4,2,30.0,27.773357
official_A,0.5,279,5,0,15.0,10.82914
official_A,0.5,279,5,1,16.0,17.526924
official_A,0.5,279,5,2,19.0,14.277097
official_A,0.5,372,0,0,0.0,-0.21813741
official_A,0.5,372,0,1,0.0,0.06561077
official_A,0.5,372,0,2,0.0,0.2329301
official_A,0.5,372,1,0,0.0,0.30240563
official_A,0.5,372,1,1,0.0,0.35113934
official_A,0.5,372,1,2,0.0,0.2485193
official_A,0.5,372,2,0,3.0,3.1892447
official_A,0.5,372,2,1,66.0,48.221622
official_A,0.5,372,2,2,25.0,20.836048
official_A,0.5,372,3,0,29.0,38.19915
official_A,0.5,372,3,1,102.0,100.6456
official_A,0.5,372,3,2,62.0,72.43547
official_A,0.5,372,4,0,21.0,24.078156
official_A,0.5,372,4,1,37.0,38.591244
official_A,0.5,372,4,2,38.0,35.477562
official_A,0.5,372,5,0,17.0,16.716455
official_A,0.5,372,5,1,18.0,15.536503
official_A,0.5,372,5,2,20.0,17.207876
official_A,0.5,465,0,0,0.0,-0.23480125
official_A,0.5,465,0,1,0.0,0.16695133
official_A,0.5,465,0,2,0.0,0.19955108
official_A,0.5,465,1,0,0.0,0.3515656
official_A,0.5,465,1,1,0.0,0.17192759
official_A,0.5,465,1,2,0.0,-0.018919028
official_A,0.5,465,2,0,0.0,2.3051279
official_A,0.5,465,2,1,43.0,30.449203
official_A,0.5,465,2,2,21.0,21.730495
official_A,0.5,465,3,0,22.0,34.475044
official_A,0.5,465,3,1,100.0,96.93443
official_A,0.5,465,3,2,55.0,73.36845
official_A,0.5,465,4,0,19.0,21.07082
official_A,0.5,465,4,1,43.0,36.975185
official_A,0.5,465,4,2,39.0,37.27457
official_A,0.5,465,5,0,21.0,16.240335
official_A,0.5,465,5,1,17.0,18.251825
official_A,0.5,465,5,2,21.0,17.669744
official_A,0.5,558,0,0,0.0,-0.25630587
official_A,0.5,558,0,1,0.0,0.16246928
official_A,0.5,558,0,2,0.0,0.22666629
official_A,0.5,558,1,0,0.0,0.3717972
official_A,0.5,558,1,1,0.0,0.08120703
official_A,0.5,558,1,2,0.0,0.0497505
official_A,0.5,558,2,0,7.0,6.215698
official_A,0.5,558,2,1,108.0,115.68471
official_A,0.5,558,2,2,29.0,22.871565
official_A,0.5,558,3,0,22.0,33.368
official_A,0.5,558,3,1,99.0,91.31004
official_A,0.5,558,3,2,61.0,69.6489
official_A,0.5,558,4,0,19.0,19.137321
official_A,0.5,558,4,1,42.0,39.77621
official_A,0.5,558,4,2,40.0,39.53719
official_A,0.5,558,5,0,21.0,15.869885
official_A,0.5,558,5,1,19.0,19.154873
official_A,0.5,558,5,2,21.0,15.069627
official_A,0.5,651,0,0,0.0,-0.27412158
official_A,0.5,651,0,1,0.0,0.19074215
official_A,0.5,651,0,2,0.0,0.25412914
official_A,0.5,651,1,0,0.0,0.32290882
official_A,0.5,651,1,1,0.0,0.11483587
official_A,0.5,651,1,2,0.0,-0.0057441294
official_A,0.5,651,2,0,3.0,5.0748615
official_A,0.5,651,2,1,74.0,60.618088
official_A,0.5,651,2,2,22.0,26.069742
official_A,0.5,651,3,0,25.0,38.65559
official_A,0.5,651,3,1,107.0,95.795166
official_A,0.5,651,3,2,56.0,67.06595
official_A,0.5,651,4,0,19.0,27.06268
official_A,0.5,651,4,1,40.0,35.606094
official_A,0.5,651,4,2,39.0,34.006638
official_A,0.5,651,5,0,20.0,16.051525
official_A,0.5,651,5,1,20.0,18.204796
official_A,0.5,651,5,2,22.0,14.656027
official_A,0.5,744,0,0,0.0,-0.2713215
official_A,0.5,744,0,1,0.0,0.12224047
official_A,0.5,744,0,2,0.0,0.21010137
official_A,0.5,744,1,0,0.0,0.3143535
official_A,0.5,744,1,1,0.0,0.34514916
official_A,0.5,744,1,2,0.0,0.115741864
official_A,0.5,744,2,0,0.0,4.1387463
official_A,0.5,744,2,1,44.0,55.741344
official_A,0.5,744,2,2,21.0,35.947655
official_A,0.5,744,3,0,25.0,41.571987
official_A,0.5,744,3,1,106.0,93.29929
official_A,0.5,744,3,2,54.0,71.041595
official_A,0.5,744,4,0,23.0,24.5
official_A,0.5,744,4,1,46.0,32.587482
official_A,0.5,744,4,2,36.0,32.88246
official_A,0.5,744,5,0,20.0,16.143087
official_A,0.5,744,5,1,17.0,15.97083
official_A,0.5,744,5,2,21.0,13.456942
official_A,0.5,837,0,0,0.0,-0.23414497
official_A,0.5,837,0,1,0.0,0.15185335
official_A,0.5,837,0,2,0.0,0.20121756
official_A,0.5,837,1,0,0.0,0.30010408
official_A,0.5,837,1,1,0.0,0.0873801
official_A,0.5,837,1,2,0.0,0.09507535
official_A,0.5,837,2,0,9.0,7.7685056
official_A,0.5,837,2,1,78.0,65.825836
official_A,0.5,837,2,2,26.0,21.350939
official_A,0.5,837,3,0,23.0,41.975433
official_A,0.5,837,3,1,102.0,98.112236
official_A,0.5,837,3,2,57.0,69.96784
official_A,0.5,837,4,0,18.0,22.727
official_A,0.5,837,4,1,42.0,41.36302
official_A,0.5,837,4,2,36.0,33.483883
official_A,0.5,837,5,0,20.0,18.692451
official_A,0.5,837,5,1,17.0,15.308618
official_A,0.5,837,5,2,21.0,15.653909
official_A,0.5,930,0,0,0.0,-0.21494663
official_A,0.5,930,0,1,0.0,0.12576057
official_A,0.5,930,0,2,0.0,0.15071888
official_A,0.5,930,1,0,0.0,0.43912724
official_A,0.5,930,1,1,0.0,0.25534672
official_A,0.5,930,1,2,0.0,0.18906759
official_A,0.5,930,2,0,5.0,12.349338
official_A,0.5,930,2,1,88.0,97.017235
official_A,0.5,930,2,2,23.0,37.28985
official_A,0.5,930,3,0,25.0,39.51986
official_A,0.5,930,3,1,94.0,88.30213
official_A,0.5,930,3,2,55.0,67.98845
official_A,0.5,930,4,0,22.0,22.604258
official_A,0.5,930,4,1,43.0,40.881508
official_A,0.5,930,4,2,33.0,32.435474
official_A,0.5,930,5,0,17.0,16.022774
official_A,0.5,930,5,1,17.0,14.697675
official_A,0.5,930,5,2,19.0,13.036364
official_A,0.5,1023,0,0,0.0,-0.2059516
official_A,0.5,1023,0,1,0.0,0.17588061
official_A,0.5,1023,0,2,0.0,0.25677848
official_A,0.5,1023,1,0,0.0,0.4478847
official_A,0.5,1023,1,1,0.0,0.012216106
official_A,0.5,1023,1,2,0.0,0.118226394
official_A,0.5,1023,2,0,3.0,4.0765967
official_A,0.5,1023,2,1,91.0,93.69787
official_A,0.5,1023,2,2,24.0,25.259756
official_A,0.5,1023,3,0,22.0,46.214417
official_A,0.5,1023,3,1,93.0,101.35909
official_A,0.5,1023,3,2,59.0,72.5422
official_A,0.5,1023,4,0,23.0,21.919106
official_A,0.5,1023,4,1,42.0,42.971157
official_A,0.5,1023,4,2,33.0,30.174099
official_A,0.5,1023,5,0,20.0,14.11614
official_A,0.5,1023,5,1,16.0,14.477852
official_A,0.5,1023,5,2,26.0,17.217644
official_A,0.5,1116,0,0,0.0,-0.21407524
official_A,0.5,1116,0,1,0.0,0.13563454
official_A,0.5,1116,0,2,0.0,0.21486598
official_A,0.5,1116,1,0,0.0,0.38481933
official_A,0.5,1116,1,1,0.0,0.17390591
official_A,0.5,1116,1,2,0.0,0.09098224
official_A,0.5,1116,2,0,4.0,8.132856
official_A,0.5,1116,2,1,75.0,90.29381
official_A,0.5,1116,2,2,22.0,27.7709
official_A,0.5,1116,3,0,27.0,43.297035
official_A,0.5,1116,3,1,90.0,94.47311
official_A,0.5,1116,3,2,56.0,76.52664
official_A,0.5,1116,4,0,21.0,23.802406
official_A,0.5,1116,4,1,44.0,43.459007
official_A,0.5,1116,4,2,35.0,33.785923
official_A,0.5,1116,5,0,22.0,15.46844
official_A,0.5,1116,5,1,18.0,18.257683
official_A,0.5,1116,5,2,20.0,18.158897
official_A,0.5,1209,0,0,0.0,-0.20670879
official_A,0.5,1209,0,1,0.0,0.10976651
official_A,0.5,1209,0,2,0.0,0.22861971
official_A,0.5,1209,1,0,0.0,0.73824984
official_A,0.5,1209,1,1,0.0,0.32633007
official_A,0.5,1209,1,2,0.0,0.0050445944
official_A,0.5,1209,2,0,9.0,10.357063
official_A,0.5,1209,2,1,107.0,111.006996
official_A,0.5,1209,2,2,24.0,33.485245
official_A,0.5,1209,3,0,22.0,43.637394
official_A,0.5,1209,3,1,92.0,85.00466
official_A,0.5,1209,3,2,59.0,86.10655
official_A,0.5,1209,4,0,25.0,20.980965
official_A,0.5,1209,4,1,42.0,41.340492
official_A,0.5,1209,4,2,39.0,31.210152
official_A,0.5,1209,5,0,16.0,16.305384
official_A,0.5,1209,5,1,19.0,17.386633
official_A,0.5,1209,5,2,19.0,17.51353
official_A,0.5,1302,0,0,0.0,-0.22246438
official_A,0.5,1302,0,1,0.0,0.14961241
official_A,0.5,1302,0,2,0.0,0.26396656
official_A,0.5,1302,1,0,0.0,0.46866152
official_A,0.5,1302,1,1,0.0,0.49374747
official_A,0.5,1302,1,2,0.0,0.003833197
official_A,0.5,1302,2,0,5.0,11.049887
official_A,0.5,1302,2,1,89.0,96.5798
official_A,0.5,1302,2,2,24.0,34.82442
official_A,0.5,1302,3,0,26.0,37.99866
official_A,0.5,1302,3,1,94.0,91.1071
official_A,0.5,1302,3,2,58.0,86.12566
official_A,0.5,1302,4,0,16.0,23.918839
official_A,0.5,1302,4,1,44.0,38.521965
official_A,0.5,1302,4,2,35.0,31.18497
official_A,0.5,1302,5,0,22.0,17.950594
official_A,0.5,1302,5,1,21.0,21.383503
official_A,0.5,1302,5,2,26.0,17.371517
official_A,0.75,0,0,0,0.0,-0.22500056
official_A,0.75,0,0,1,0.0,0.2470327
official_A,0.75,0,0,2,0.0,-0.423209
official_A,0.75,0,1,0,12.0,22.702621
official_A,0.75,0,1,1,62.0,150.2229
official_A,0.75,0,1,2,3.0,5.5391226
official_A,0.75,0,2,0,21.0,38.55908
official_A,0.75,0,2,1,125.0,160.58893
official_A,0.75,0,2,2,54.0,80.64026
official_A,0.75,0,3,0,26.0,23.342274
official_A,0.75,0,3,1,64.0,63.6398
official_A,0.75,0,3,2,45.0,43.38745
official_A,0.75,0,4,0,23.0,18.36405
official_A,0.75,0,4,1,31.0,23.542698
official_A,0.75,0,4,2,29.0,22.446308
official_A,0.75,0,5,0,10.0,8.380027
official_A,0.75,0,5,1,15.0,14.73605
official_A,0.75,0,5,2,15.0,11.738131
official_A,0.75,93,0,0,0.0,0.13583824
official_A,0.75,93,0,1,0.0,1.0240396
official_A,0.75,93,0,2,0.0,-0.4457798
official_A,0.75,93,1,0,1.0,0.88910437
official_A,0.75,93,1,1,5.0,5.4026246
official_A,0.75,93,1,2,1.0,4.2133164
official_A,0.75,93,2,0,21.0,33.685368
official_A,0.75,93,2,1,112.0,134.6354
official_A,0.75,93,2,2,48.0,67.69937
official_A,0.75,93,3,0,28.0,22.352112
official_A,0.75,93,3,1,56.0,55.91156
official_A,0.75,93,3,2,41.0,44.41469
official_A,0.75,93,4,0,22.0,19.562992
official_A,0.75,93,4,1,28.0,21.261835
official_A,0.75,93,4,2,29.0,21.510666
official_A,0.75,93,5,0,11.0,8.215172
official_A,0.75,93,5,1,18.0,12.48027
official_A,0.75,93,5,2,19.0,11.810633
official_A,0.75,186,0,0,0.0,0.0808609
official_A,0.75,186,0,1,0.0,0.72622997
official_A,0.75,186,0,2,0.0,-0.3655111
official_A,0.75,186,1,0,5.0,5.798344
official_A,0.75,186,1,1,33.0,24.672575
official_A,0.75,186,1,2,0.0,4.712624
official_A,0.75,186,2,0,18.0,31.837788
official_A,0.75,186,2,1,126.0,141.11122
official_A,0.75,186,2,2,54.0,67.45721
official_A,0.75,186,3,0,29.0,24.639797
official_A,0.75,186,3,1,70.0,64.55055
official_A,0.75,186,3,2,39.0,42.939285
official_A,0.75,186,4,0,23.0,19.861225
official_A,0.75,186,4,1,29.0,27.566208
official_A,0.75,186,4,2,30.0,25.460136
official_A,0.75,186,5,0,11.0,9.272895
official_A,0.75,186,5,1,19.0,12.919575
official_A,0.75,186,5,2,17.0,11.8081665
official_A,0.75,279,0,0,0.0,-0.16452773
official_A,0.75,279,0,1,0.0,0.6569213
official_A,0.75,279,0,2,0.0,-0.19669282
official_A,0.75,279,1,0,0.0,0.44884178
official_A,0.75,279,1,1,0.0,0.08927663
official_A,0.75,279,1,2,0.0,0.23943065
official_A,0.75,279,2,0,4.0,16.202345
official_A,0.75,279,2,1,110.0,132.76031
official_A,0.75,279,2,2,47.0,57.739483
official_A,0.75,279,3,0,30.0,28.364563
official_A,0.75,279,3,1,81.0,69.27436
official_A,0.75,279,3,2,48.0,58.389694
official_A,0.75,279,4,0,21.0,20.368553
official_A,0.75,279,4,1,33.0,29.415588
official_A,0.75,279,4,2,30.0,26.2735
official_A,0.75,279,5,0,15.0,9.830019
official_A,0.75,279,5,1,16.0,16.977667
official_A,0.75,279,5,2,19.0,12.135561
official_A,0.75,372,0,0,0.0,-0.3389084
official_A,0.75,372,0,1,0.0,0.21096848
official_A,0.75,372,0,2,0.0,0.24079566
official_A,0.75,372,1,0,0.0,0.03408459
official_A,0.75,372,1,1,0.0,0.7946089
official_A,0.75,372,1,2,0.0,-0.08932459
official_A,0.75,372,2,0,3.0,4.9085855
official_A,0.75,372,2,1,66.0,75.28082
official_A,0.75,372,2,2,25.0,29.885136
official_A,0.75,372,3,0,29.0,35.213017
official_A,0.75,372,3,1,102.0,104.14235
official_A,0.75,372,3,2,62.0,69.86714
official_A,0.75,372,4,0,21.0,21.087563
official_A,0.75,372,4,1,37.0,34.53234
official_A,0.75,372,4,2,38.0,33.157223
official_A,0.75,372,5,0,17.0,12.405045
official_A,0.75,372,5,1,18.0,14.25239
official_A,0.75,372,5,2,20.0,16.871574
official_A,0.75,465,0,0,0.0,-0.35647035
official_A,0.75,465,0,1,0.0,0.26040846
official_A,0.75,465,0,2,0.0,0.110965714
official_A,0.75,465,1,0,0.0,0.15664172
official_A,0.75,465,1,1,0.0,0.43086803
official_A,0.75,465,1,2,0.0,-0.24295768
official_A,0.75,465,2,0,0.0,4.113671
official_A,0.75,465,2,1,43.0,45.331738
official_A,0.75,465,2,2,21.0,33.12794
official_A,0.75,465,3,0,22.0,36.14806
official_A,0.75,465,3,1,100.0,96.29961
official_A,0.75,465,3,2,55.0,65.19804
official_A,0.75,465,4,0,19.0,17.93488
official_A,0.75,465,4,1,43.0,35.589027
official_A,0.75,465,4,2,39.0,31.610846
official_A,0.75,465,5,0,21.0,13.044197
official_A,0.75,465,5,1,17.0,16.07633
official_A,0.75,465,5,2,21.0,14.490824
official_A,0.75,558,0,0,0.0,-0.40754935
official_A,0.75,558,0,1,0.0,0.13862333
official_A,0.75,558,0,2,0.0,0.1279911
official_A,0.75,558,1,0,0.0,0.17115997
official_A,0.75,558,1,1,0.0,0.24868552
official_A,0.75,558,1,2,0.0,-0.18268761
official_A,0.75,558,2,0,7.0,9.59029
official_A,0.75,558,2,1,108.0,157.1301
official_A,0.75,558,2,2,29.0,31.28577
official_A,0.75,558,3,0,22.0,33.931293
official_A,0.75,558,3,1,99.0,94.700836
official_A,0.75,558,3,2,61.0,73.28338
official_A,0.75,558,4,0,19.0,18.491863
official_A,0.75,558,4,1,42.0,37.364174
official_A,0.75,558,4,2,40.0,35.25524
official_A,0.75,558,5,0,21.0,12.783897
official_A,0.75,558,5,1,19.0,17.384827
official_A,0.75,558,5,2,21.0,14.484415
official_A,0.75,651,0,0,0.0,-0.3215238
official_A,0.75,651,0,1,0.0,0.12825707
official_A,0.75,651,0,2,0.0,0.1277864
official_A,0.75,651,1,0,0.0,0.10014598
official_A,0.75,651,1,1,0.0,0.20239884
official_A,0.75,651,1,2,0.0,-0.31122488
official_A,0.75,651,2,0,3.0,6.086254
official_A,0.75,651,2,1,74.0,70.26142
official_A,0.75,651,2,2,22.0,33.28677
official_A,0.75,651,3,0,25.0,37.510006
official_A,0.75,651,3,1,107.0,100.741295
official_A,0.75,651,3,2,56.0,61.78872
official_A,0.75,651,4,0,19.0,20.26584
official_A,0.75,651,4,1,40.0,31.924593
official_A,0.75,651,4,2,39.0,33.345493
official_A,0.75,651,5,0,20.0,12.14303
official_A,0.75,651,5,1,20.0,16.670794
official_A,0.75,651,5,2,22.0,15.0779295
official_A,0.75,744,0,0,0.0,-0.47270977
official_A,0.75,744,0,1,0.0,0.14960834
official_A,0.75,744,0,2,0.0,0.0763782
official_A,0.75,744,1,0,0.0,0.032404825
official_A,0.75,744,1,1,0.0,0.61622906
official_A,0.75,744,1,2,0.0,0.14259422
official_A,0.75,744,2,0,0.0,5.112159
official_A,0.75,744,2,1,44.0,69.132324
official_A,0.75,744,2,2,21.0,28.502901
official_A,0.75,744,3,0,25.0,42.16558
official_A,0.75,744,3,1,106.0,102.68765
official_A,0.75,744,3,2,54.0,69.30936
official_A,0.75,744,4,0,23.0,20.697237
official_A,0.75,744,4,1,46.0,32.32649
official_A,0.75,744,4,2,36.0,30.081547
official_A,0.75,744,5,0,20.0,13.963793
official_A,0.75,744,5,1,17.0,14.521999
official_A,0.75,744,5,2,21.0,12.932814
official_A,0.75,837,0,0,0.0,-0.30650717
official_A,0.75,837,0,1,0.0,0.17306376
official_A,0.75,837,0,2,0.0,0.0634803
official_A,0.75,837,1,0,0.0,0.109374434
official_A,0.75,837,1,1,0.0,1.0427873
official_A,0.75,837,1,2,0.0,0.40136147
official_A,0.75,837,2,0,9.0,7.106839
official_A,0.75,837,2,1,78.0,86.72486
official_A,0.75,837,2,2,26.0,29.774366
official_A,0.75,837,3,0,23.0,42.173264
official_A,0.75,837,3,1,102.0,103.68705
official_A,0.75,837,3,2,57.0,67.78132
official_A,0.75,837,4,0,18.0,18.155785
official_A,0.75,837,4,1,42.0,37.432808
official_A,0.75,837,4,2,36.0,33.157986
official_A,0.75,837,5,0,20.0,14.873331
official_A,0.75,837,5,1,17.0,13.49542
official_A,0.75,837,5,2,21.0,15.021662
official_A,0.75,930,0,0,0.0,-0.30702394
official_A,0.75,930,0,1,0.0,0.20987724
official_A,0.75,930,0,2,0.0,0.11994401
official_A,0.75,930,1,0,0.0,0.092587546
official_A,0.75,930,1,1,0.0,0.67853314
official_A,0.75,930,1,2,0.0,0.27754346
official_A,0.75,930,2,0,5.0,15.243442
official_A,0.75,930,2,1,88.0,119.76015
official_A,0.75,930,2,2,23.0,36.864124
official_A,0.75,930,3,0,25.0,42.44178
official_A,0.75,930,3,1,94.0,95.374565
official_A,0.75,930,3,2,55.0,73.08783
official_A,0.75,930,4,0,22.0,19.301949
official_A,0.75,930,4,1,43.0,35.577682
official_A,0.75,930,4,2,33.0,30.991432
official_A,0.75,930,5,0,17.0,15.204261
official_A,0.75,930,5,1,17.0,14.292468
official_A,0.75,930,5,2,19.0,13.549936
official_A,0.75,1023,0,0,0.0,-0.35229206
official_A,0.75,1023,0,1,0.0,0.17598346
official_A,0.75,1023,0,2,0.0,0.10021086
official_A,0.75,1023,1,0,0.0,0.24511322
official_A,0.75,1023,1,1,0.0,0.32087162
official_A,0.75,1023,1,2,0.0,-0.17501763
official_A,0.75,1023,2,0,3.0,10.355802
official_A,0.75,1023,2,1,91.0,125.185135
official_A,0.75,1023,2,2,24.0,33.848293
official_A,0.75,1023,3,0,22.0,40.922882
official_A,0.75,1023,3,1,93.0,96.12175
official_A,0.75,1023,3,2,59.0,67.147385
official_A,0.75,1023,4,0,23.0,20.03658
official_A,0.75,1023,4,1,42.0,39.564564
official_A,0.75,1023,4,2,33.0,33.854733
official_A,0.75,1023,5,0,20.0,13.20101
official_A,0.75,1023,5,1,16.0,13.545027
official_A,0.75,1023,5,2,26.0,16.491867
official_A,0.75,1116,0,0,0.0,-0.3919382
official_A,0.75,1116,0,1,0.0,0.26560324
official_A,0.75,1116,0,2,0.0,0.04695214
official_A,0.75,1116,1,0,0.0,0.18871596
official_A,0.75,1116,1,1,0.0,1.2149428
official_A,0.75,1116,1,2,0.0,-0.082883805
official_A,0.75,1116,2,0,4.0,7.7010546
official_A,0.75,1116,2,1,75.0,119.76085
official_A,0.75,1116,2,2,22.0,30.001118
official_A,0.75,1116,3,0,27.0,41.849197
official_A,0.75,1116,3,1,90.0,105.300735
official_A,0.75,1116,3,2,56.0,69.37475
official_A,0.75,1116,4,0,21.0,20.422869
official_A,0.75,1116,4,1,44.0,41.48001
official_A,0.75,1116,4,2,35.0,32.52642
official_A,0.75,1116,5,0,22.0,13.812608
official_A,0.75,1116,5,1,18.0,15.750165
official_A,0.75,1116,5,2,20.0,16.356325
official_A,0.75,1209,0,0,0.0,-0.4453178
official_A,0.75,1209,0,1,0.0,0.17182964
official_A,0.75,1209,0,2,0.0,0.1169842
official_A,0.75,1209,1,0,0.0,0.14343506
official_A,0.75,1209,1,1,0.0,0.79015684
official_A,0.75,1209,1,2,0.0,-0.20444286
official_A,0.75,1209,2,0,9.0,12.304639
official_A,0.75,1209,2,1,107.0,151.75842
official_A,0.75,1209,2,2,24.0,37.924747
official_A,0.75,1209,3,0,22.0,46.34568
official_A,0.75,1209,3,1,92.0,95.13871
official_A,0.75,1209,3,2,59.0,80.59122
official_A,0.75,1209,4,0,25.0,18.597633
official_A,0.75,1209,4,1,42.0,37.07664
official_A,0.75,1209,4,2,39.0,32.330208
official_A,0.75,1209,5,0,16.0,14.8784
official_A,0.75,1209,5,1,19.0,16.626354
official_A,0.75,1209,5,2,19.0,16.49498
official_A,0.75,1302,0,0,0.0,-0.42403984
official_A,0.75,1302,0,1,0.0,0.18483646
official_A,0.75,1302,0,2,0.0,0.081618205
official_A,0.75,1302,1,0,0.0,0.5793952
official_A,0.75,1302,1,1,0.0,1.9750373
official_A,0.75,1302,1,2,0.0,-0.21244082
official_A,0.75,1302,2,0,5.0,10.991114
official_A,0.75,1302,2,1,89.0,121.054474
official_A,0.75,1302,2,2,24.0,40.546925
official_A,0.75,1302,3,0,26.0,45.432144
official_A,0.75,1302,3,1,94.0,107.6953
official_A,0.75,1302,3,2,58.0,82.18112
official_A,0.75,1302,4,0,16.0,20.389362
official_A,0.75,1302,4,1,44.0,38.054386
official_A,0.75,1302,4,2,35.0,34.248394
official_A,0.75,1302,5,0,22.0,16.612858
official_A,0.75,1302,5,1,21.0,19.544365
official_A,0.75,1302,5,2,26.0,16.260353
official_B,0.5,0,0,0,0.0,0.3230682
official_B,0.5,0,0,1,0.0,0.22297657
official_B,0.5,0,0,2,0.0,0.15731291
official_B,0.5,0,1,0,12.0,14.097991
official_B,0.5,0,1,1,62.0,107.173195
official_B,0.5,0,1,2,3.0,6.9453993
official_B,0.5,0,2,0,21.0,28.89082
official_B,0.5,0,2,1,125.0,121.24419
official_B,0.5,0,2,2,54.0,58.68609
official_B,0.5,0,3,0,26.0,21.565464
official_B,0.5,0,3,1,64.0,49.21046
official_B,0.5,0,3,2,45.0,38.319405
official_B,0.5,0,4,0,23.0,17.563692
official_B,0.5,0,4,1,31.0,16.403736
official_B,0.5,0,4,2,29.0,18.176271
official_B,0.5,0,5,0,10.0,5.1223106
official_B,0.5,0,5,1,15.0,6.9881215
official_B,0.5,0,5,2,15.0,6.6597824
official_B,0.5,93,0,0,0.0,0.84502137
official_B,0.5,93,0,1,0.0,0.45799577
official_B,0.5,93,0,2,0.0,0.20706111
official_B,0.5,93,1,0,1.0,1.3630347
official_B,0.5,93,1,1,5.0,0.014001922
official_B,0.5,93,1,2,1.0,4.848784
official_B,0.5,93,2,0,21.0,28.712547
official_B,0.5,93,2,1,112.0,116.51143
official_B,0.5,93,2,2,48.0,64.39305
official_B,0.5,93,3,0,28.0,28.044739
official_B,0.5,93,3,1,56.0,47.883743
official_B,0.5,93,3,2,41.0,39.42952
official_B,0.5,93,4,0,22.0,17.871086
official_B,0.5,93,4,1,28.0,17.358315
official_B,0.5,93,4,2,29.0,20.365799
official_B,0.5,93,5,0,11.0,5.5081987
official_B,0.5,93,5,1,18.0,8.880997
official_B,0.5,93,5,2,19.0,9.645606
official_B,0.5,186,0,0,0.0,0.35802245
official_B,0.5,186,0,1,0.0,0.2977247
official_B,0.5,186,0,2,0.0,0.288458
official_B,0.5,186,1,0,5.0,4.3199463
official_B,0.5,186,1,1,33.0,23.074932
official_B,0.5,186,1,2,0.0,4.5283675
official_B,0.5,186,2,0,18.0,20.740726
official_B,0.5,186,2,1,126.0,112.908264
official_B,0.5,186,2,2,54.0,59.117565
official_B,0.5,186,3,0,29.0,25.04889
official_B,0.5,186,3,1,70.0,50.522316
official_B,0.5,186,3,2,39.0,42.321953
official_B,0.5,186,4,0,23.0,20.452284
official_B,0.5,186,4,1,29.0,20.227665
official_B,0.5,186,4,2,30.0,24.231289
official_B,0.5,186,5,0,11.0,6.9138756
official_B,0.5,186,5,1,19.0,8.643289
official_B,0.5,186,5,2,17.0,8.768024
official_B,0.5,279,0,0,0.0,0.3820712
official_B,0.5,279,0,1,0.0,0.17664658
official_B,0.5,279,0,2,0.0,0.19813506
official_B,0.5,279,1,0,0.0,0.9519625
official_B,0.5,279,1,1,0.0,0.022529813
official_B,0.5,279,1,2,0.0,0.3694628
official_B,0.5,279,2,0,4.0,12.939251
official_B,0.5,279,2,1,110.0,102.29093
official_B,0.5,279,2,2,47.0,44.90399
official_B,0.5,279,3,0,30.0,22.249628
official_B,0.5,279,3,1,81.0,57.91527
official_B,0.5,279,3,2,48.0,47.35811
official_B,0.5,279,4,0,21.0,21.091423
official_B,0.5,279,4,1,33.0,25.84058
official_B,0.5,279,4,2,30.0,25.592588
official_B,0.5,279,5,0,15.0,8.484289
official_B,0.5,279,5,1,16.0,8.558958
official_B,0.5,279,5,2,19.0,7.589764
official_B,0.5,372,0,0,0.0,0.32603648
official_B,0.5,372,0,1,0.0,-0.010933157
official_B,0.5,372,0,2,0.0,0.09440023
official_B,0.5,372,1,0,0.0,0.4898408
official_B,0.5,372,1,1,0.0,0.30538586
official_B,0.5,372,1,2,0.0,0.47736585
official_B,0.5,372,2,0,3.0,2.230337
official_B,0.5,372,2,1,66.0,35.982105
official_B,0.5,372,2,2,25.0,26.87886
official_B,0.5,372,3,0,29.0,28.088997
official_B,0.5,372,3,1,102.0,79.1586
official_B,0.5,372,3,2,62.0,64.39634
official_B,0.5,372,4,0,21.0,18.259058
official_B,0.5,372,4,1,37.0,29.09021
official_B,0.5,372,4,2,38.0,38.57839
official_B,0.5,372,5,0,17.0,10.409157
official_B,0.5,372,5,1,18.0,7.595257
official_B,0.5,372,5,2,20.0,11.606033
official_B,0.5,465,0,0,0.0,0.3543415
official_B,0.5,465,0,1,0.0,-0.0234305
official_B,0.5,465,0,2,0.0,0.08145568
official_B,0.5,465,1,0,0.0,0.5509343
official_B,0.5,465,1,1,0.0,0.34365532
official_B,0.5,465,1,2,0.0,0.32557887
official_B,0.5,465,2,0,0.0,2.4376755
official_B,0.5,465,2,1,43.0,25.359081
official_B,0.5,465,2,2,21.0,24.24989
official_B,0.5,465,3,0,22.0,28.013374
official_B,0.5,465,3,1,100.0,76.83775
official_B,0.5,465,3,2,55.0,62.71801
official_B,0.5,465,4,0,19.0,16.566011
official_B,0.5,465,4,1,43.0,29.653393
official_B,0.5,465,4,2,39.0,33.633312
official_B,0.5,465,5,0,21.0,13.129211
official_B,0.5,465,5,1,17.0,11.534864
official_B,0.5,465,5,2,21.0,9.424611
official_B,0.5,558,0,0,0.0,0.33557516
official_B,0.5,558,0,1,0.0,-0.02349954
official_B,0.5,558,0,2,0.0,0.07558988
official_B,0.5,558,1,0,0.0,0.5312362
official_B,0.5,558,1,1,0.0,0.21643442
official_B,0.5,558,1,2,0.0,0.34775627
official_B,0.5,558,2,0,7.0,6.61372
official_B,0.5,558,2,1,108.0,113.715775
official_B,0.5,558,2,2,29.0,31.306353
official_B,0.5,558,3,0,22.0,26.688854
official_B,0.5,558,3,1,99.0,78.45618
official_B,0.5,558,3,2,61.0,56.963955
official_B,0.5,558,4,0,19.0,14.650904
official_B,0.5,558,4,1,42.0,32.61445
official_B,0.5,558,4,2,40.0,33.67887
official_B,0.5,558,5,0,21.0,11.2956505
official_B,0.5,558,5,1,19.0,11.534484
official_B,0.5,558,5,2,21.0,10.647316
official_B,0.5,651,0,0,0.0,0.39516082
official_B,0.5,651,0,1,0.0,-0.02963261
official_B,0.5,651,0,2,0.0,0.10012878
official_B,0.5,651,1,0,0.0,0.4977737
official_B,0.5,651,1,1,0.0,0.25211993
official_B,0.5,651,1,2,0.0,0.2797968
official_B,0.5,651,2,0,3.0,3.5729373
official_B,0.5,651,2,1,74.0,52.183937
official_B,0.5,651,2,2,22.0,29.556324
official_B,0.5,651,3,0,25.0,31.053902
official_B,0.5,651,3,1,107.0,79.87941
official_B,0.5,651,3,2,56.0,61.060883
official_B,0.5,651,4,0,19.0,19.601042
official_B,0.5,651,4,1,40.0,27.771751
official_B,0.5,651,4,2,39.0,32.903427
official_B,0.5,651,5,0,20.0,12.525969
official_B,0.5,651,5,1,20.0,9.975683
official_B,0.5,651,5,2,22.0,11.015199
official_B,0.5,744,0,0,0.0,0.49100244
official_B,0.5,744,0,1,0.0,-0.024160855
official_B,0.5,744,0,2,0.0,0.11657031
official_B,0.5,744,1,0,0.0,0.5918126
official_B,0.5,744,1,1,0.0,0.96569216
official_B,0.5,744,1,2,0.0,0.7693582
official_B,0.5,744,2,0,0.0,3.6350875
official_B,0.5,744,2,1,44.0,41.550854
official_B,0.5,744,2,2,21.0,32.97941
official_B,0.5,744,3,0,25.0,35.37188
official_B,0.5,744,3,1,106.0,75.00966
official_B,0.5,744,3,2,54.0,68.00504
official_B,0.5,744,4,0,23.0,20.920366
official_B,0.5,744,4,1,46.0,28.934896
official_B,0.5,744,4,2,36.0,34.582966
official_B,0.5,744,5,0,20.0,14.767082
official_B,0.5,744,5,1,17.0,10.360769
official_B,0.5,744,5,2,21.0,9.653343
official_B,0.5,837,0,0,0.0,0.3713392
official_B,0.5,837,0,1,0.0,0.009477776
official_B,0.5,837,0,2,0.0,0.06227782
official_B,0.5,837,1,0,0.0,0.6181102
official_B,0.5,837,1,1,0.0,0.46758187
official_B,0.5,837,1,2,0.0,0.45979464
official_B,0.5,837,2,0,9.0,7.0209618
official_B,0.5,837,2,1,78.0,55.84519
official_B,0.5,837,2,2,26.0,28.941507
official_B,0.5,837,3,0,23.0,38.189022
official_B,0.5,837,3,1,102.0,79.598816
official_B,0.5,837,3,2,57.0,64.872765
official_B,0.5,837,4,0,18.0,19.345375
official_B,0.5,837,4,1,42.0,33.38216
official_B,0.5,837,4,2,36.0,31.194504
official_B,0.5,837,5,0,20.0,16.436058
official_B,0.5,837,5,1,17.0,11.17926
official_B,0.5,837,5,2,21.0,10.417961
official_B,0.5,930,0,0,0.0,0.39115274
official_B,0.5,930,0,1,0.0,-0.002914779
official_B,0.5,930,0,2,0.0,0.078390285
official_B,0.5,930,1,0,0.0,0.7231916
official_B,0.5,930,1,1,0.0,0.48924285
official_B,0.5,930,1,2,0.0,0.6109199
official_B,0.5,930,2,0,5.0,8.933844
official_B,0.5,930,2,1,88.0,92.91409
official_B,0.5,930,2,2,23.0,35.288628
official_B,0.5,930,3,0,25.0,31.815895
official_B,0.5,930,3,1,94.0,67.34832
official_B,0.5,930,3,2,55.0,62.93502
official_B,0.5,930,4,0,22.0,19.33348
official_B,0.5,930,4,1,43.0,34.57124
official_B,0.5,930,4,2,33.0,31.872355
official_B,0.5,930,5,0,17.0,14.021726
official_B,0.5,930,5,1,17.0,12.576029
official_B,0.5,930,5,2,19.0,10.567411
official_B,0.5,1023,0,0,0.0,0.35745916
official_B,0.5,1023,0,1,0.0,-0.0028542913
official_B,0.5,1023,0,2,0.0,0.08724213
official_B,0.5,1023,1,0,0.0,0.6912869
official_B,0.5,1023,1,1,0.0,0.35428518
official_B,0.5,1023,1,2,0.0,0.45016974
official_B,0.5,1023,2,0,3.0,4.641726
official_B,0.5,1023,2,1,91.0,78.60595
official_B,0.5,1023,2,2,24.0,30.4137
official_B,0.5,1023,3,0,22.0,31.536959
official_B,0.5,1023,3,1,93.0,84.95979
official_B,0.5,1023,3,2,59.0,61.038757
official_B,0.5,1023,4,0,23.0,17.761732
official_B,0.5,1023,4,1,42.0,35.94253
official_B,0.5,1023,4,2,33.0,28.520493
official_B,0.5,1023,5,0,20.0,14.1198635
official_B,0.5,1023,5,1,16.0,8.508031
official_B,0.5,1023,5,2,26.0,12.717528
official_B,0.5,1116,0,0,0.0,0.42567655
official_B,0.5,1116,0,1,0.0,-0.0035272352
official_B,0.5,1116,0,2,0.0,0.09176165
official_B,0.5,1116,1,0,0.0,0.7090472
official_B,0.5,1116,1,1,0.0,0.7356656
official_B,0.5,1116,1,2,0.0,0.7269833
official_B,0.5,1116,2,0,4.0,6.100854
official_B,0.5,1116,2,1,75.0,78.750404
official_B,0.5,1116,2,2,22.0,31.54833
official_B,0.5,1116,3,0,27.0,36.34768
official_B,0.5,1116,3,1,90.0,73.98067
official_B,0.5,1116,3,2,56.0,57.691273
official_B,0.5,1116,4,0,21.0,18.31569
official_B,0.5,1116,4,1,44.0,37.00971
official_B,0.5,1116,4,2,35.0,34.503483
official_B,0.5,1116,5,0,22.0,12.37355
official_B,0.5,1116,5,1,18.0,10.197535
official_B,0.5,1116,5,2,20.0,14.94847
official_B,0.5,1209,0,0,0.0,0.49225813
official_B,0.5,1209,0,1,0.0,-0.020835117
official_B,0.5,1209,0,2,0.0,0.089297
official_B,0.5,1209,1,0,0.0,0.80491304
official_B,0.5,1209,1,1,0.0,0.65086627
official_B,0.5,1209,1,2,0.0,0.46749246
official_B,0.5,1209,2,0,9.0,9.001162
official_B,0.5,1209,2,1,107.0,106.32619
official_B,0.5,1209,2,2,24.0,35.384914
official_B,0.5,1209,3,0,22.0,43.312424
official_B,0.5,1209,3,1,92.0,66.3403
official_B,0.5,1209,3,2,59.0,54.60314
official_B,0.5,1209,4,0,25.0,15.729499
official_B,0.5,1209,4,1,42.0,31.639843
official_B,0.5,1209,4,2,39.0,30.796095
official_B,0.5,1209,5,0,16.0,14.869001
official_B,0.5,1209,5,1,19.0,10.559234
official_B,0.5,1209,5,2,19.0,14.985623
official_B,0.5,1302,0,0,0.0,0.3894689
official_B,0.5,1302,0,1,0.0,-0.0138441175
official_B,0.5,1302,0,2,0.0,0.08884567
official_B,0.5,1302,1,0,0.0,0.81014335
official_B,0.5,1302,1,1,0.0,0.9782852
official_B,0.5,1302,1,2,0.0,0.34403357
official_B,0.5,1302,2,0,5.0,7.777034
official_B,0.5,1302,2,1,89.0,86.92281
official_B,0.5,1302,2,2,24.0,32.770424
official_B,0.5,1302,3,0,26.0,37.656803
official_B,0.5,1302,3,1,94.0,78.48371
official_B,0.5,1302,3,2,58.0,60.33735
official_B,0.5,1302,4,0,16.0,16.1841
official_B,0.5,1302,4,1,44.0,27.063023
official_B,0.5,1302,4,2,35.0,30.109018
official_B,0.5,1302,5,0,22.0,15.0456
official_B,0.5,1302,5,1,21.0,14.686468
official_B,0.5,1302,5,2,26.0,14.266354
official_B,0.75,0,0,0,0.0,0.2573146
official_B,0.75,0,0,1,0.0,0.5230546
official_B,0.75,0,0,2,0.0,0.33446878
official_B,0.75,0,1,0,12.0,24.878677
official_B,0.75,0,1,1,62.0,154.86563
official_B,0.75,0,1,2,3.0,10.139747
official_B,0.75,0,2,0,21.0,36.044167
official_B,0.75,0,2,1,125.0,129.86404
official_B,0.75,0,2,2,54.0,60.81373
official_B,0.75,0,3,0,26.0,23.498995
official_B,0.75,0,3,1,64.0,54.90193
official_B,0.75,0,3,2,45.0,37.16153
official_B,0.75,0,4,0,23.0,18.700375
official_B,0.75,0,4,1,31.0,16.034422
official_B,0.75,0,4,2,29.0,17.49715
official_B,0.75,0,5,0,10.0,5.617923
official_B,0.75,0,5,1,15.0,7.9508734
official_B,0.75,0,5,2,15.0,7.9310403
official_B,0.75,93,0,0,0.0,0.64644915
official_B,0.75,93,0,1,0.0,0.92881715
official_B,0.75,93,0,2,0.0,0.2693657
official_B,0.75,93,1,0,1.0,1.4320333
official_B,0.75,93,1,1,5.0,5.6262093
official_B,0.75,93,1,2,1.0,7.6771173
official_B,0.75,93,2,0,21.0,30.815908
official_B,0.75,93,2,1,112.0,126.13217
official_B,0.75,93,2,2,48.0,55.33518
official_B,0.75,93,3,0,28.0,24.124641
official_B,0.75,93,3,1,56.0,49.694992
official_B,0.75,93,3,2,41.0,42.035057
official_B,0.75,93,4,0,22.0,17.180136
official_B,0.75,93,4,1,28.0,18.27543
official_B,0.75,93,4,2,29.0,20.46003
official_B,0.75,93,5,0,11.0,6.3167553
official_B,0.75,93,5,1,18.0,9.620241
official_B,0.75,93,5,2,19.0,10.854258
official_B,0.75,186,0,0,0.0,0.29610336
official_B,0.75,186,0,1,0.0,0.6285747
official_B,0.75,186,0,2,0.0,0.29109287
official_B,0.75,186,1,0,5.0,5.587372
official_B,0.75,186,1,1,33.0,25.39859
official_B,0.75,186,1,2,0.0,6.4974833
official_B,0.75,186,2,0,18.0,22.964413
official_B,0.75,186,2,1,126.0,128.3713
official_B,0.75,186,2,2,54.0,57.123383
official_B,0.75,186,3,0,29.0,25.463663
official_B,0.75,186,3,1,70.0,53.535023
official_B,0.75,186,3,2,39.0,39.747955
official_B,0.75,186,4,0,23.0,17.935627
official_B,0.75,186,4,1,29.0,20.947632
official_B,0.75,186,4,2,30.0,22.879616
official_B,0.75,186,5,0,11.0,7.4489512
official_B,0.75,186,5,1,19.0,9.918429
official_B,0.75,186,5,2,17.0,9.135133
official_B,0.75,279,0,0,0.0,0.38359347
official_B,0.75,279,0,1,0.0,0.3208523
official_B,0.75,279,0,2,0.0,0.21821018
official_B,0.75,279,1,0,0.0,0.72485375
official_B,0.75,279,1,1,0.0,0.06303398
official_B,0.75,279,1,2,0.0,0.50172627
official_B,0.75,279,2,0,4.0,11.942062
official_B,0.75,279,2,1,110.0,108.30448
official_B,0.75,279,2,2,47.0,48.763294
official_B,0.75,279,3,0,30.0,26.061249
official_B,0.75,279,3,1,81.0,61.836796
official_B,0.75,279,3,2,48.0,50.512135
official_B,0.75,279,4,0,21.0,18.4887
official_B,0.75,279,4,1,33.0,24.461514
official_B,0.75,279,4,2,30.0,23.57825
official_B,0.75,279,5,0,15.0,8.987859
official_B,0.75,279,5,1,16.0,9.744928
official_B,0.75,279,5,2,19.0,7.3845654
official_B,0.75,372,0,0,0.0,0.31836957
official_B,0.75,372,0,1,0.0,0.04202599
official_B,0.75,372,0,2,0.0,0.12583302
official_B,0.75,372,1,0,0.0,0.28986403
official_B,0.75,372,1,1,0.0,1.5514628
official_B,0.75,372,1,2,0.0,0.67907107
official_B,0.75,372,2,0,3.0,2.6039894
official_B,0.75,372,2,1,66.0,62.3897
official_B,0.75,372,2,2,25.0,32.68882
official_B,0.75,372,3,0,29.0,35.214306
official_B,0.75,372,3,1,102.0,86.77522
official_B,0.75,372,3,2,62.0,55.926903
official_B,0.75,372,4,0,21.0,17.471416
official_B,0.75,372,4,1,37.0,27.596416
official_B,0.75,372,4,2,38.0,40.57302
official_B,0.75,372,5,0,17.0,10.973264
official_B,0.75,372,5,1,18.0,9.857721
official_B,0.75,372,5,2,20.0,12.849241
official_B,0.75,465,0,0,0.0,0.3201214
official_B,0.75,465,0,1,0.0,0.01682964
official_B,0.75,465,0,2,0.0,0.13555466
official_B,0.75,465,1,0,0.0,0.53368616
official_B,0.75,465,1,1,0.0,0.89458144
official_B,0.75,465,1,2,0.0,0.27485424
official_B,0.75,465,2,0,0.0,2.599557
official_B,0.75,465,2,1,43.0,38.977722
official_B,0.75,465,2,2,21.0,33.47082
official_B,0.75,465,3,0,22.0,31.79433
official_B,0.75,465,3,1,100.0,81.72504
official_B,0.75,465,3,2,55.0,58.517952
official_B,0.75,465,4,0,19.0,15.7676325
official_B,0.75,465,4,1,43.0,28.083668
official_B,0.75,465,4,2,39.0,33.67878
official_B,0.75,465,5,0,21.0,12.117031
official_B,0.75,465,5,1,17.0,10.923411
official_B,0.75,465,5,2,21.0,10.151836
official_B,0.75,558,0,0,0.0,0.36041564
official_B,0.75,558,0,1,0.0,0.047527574
official_B,0.75,558,0,2,0.0,0.14121
official_B,0.75,558,1,0,0.0,0.34442598
official_B,0.75,558,1,1,0.0,0.406585
official_B,0.75,558,1,2,0.0,0.37987733
official_B,0.75,558,2,0,7.0,9.720953
official_B,0.75,558,2,1,108.0,149.56998
official_B,0.75,558,2,2,29.0,35.00396
official_B,0.75,558,3,0,22.0,33.910965
official_B,0.75,558,3,1,99.0,86.94882
official_B,0.75,558,3,2,61.0,57.688137
official_B,0.75,558,4,0,19.0,15.338657
official_B,0.75,558,4,1,42.0,29.456196
official_B,0.75,558,4,2,40.0,33.12517
official_B,0.75,558,5,0,21.0,10.802776
official_B,0.75,558,5,1,19.0,11.60816
official_B,0.75,558,5,2,21.0,10.632649
official_B,0.75,651,0,0,0.0,0.3570583
official_B,0.75,651,0,1,0.0,0.0060188323
official_B,0.75,651,0,2,0.0,0.16389391
official_B,0.75,651,1,0,0.0,0.30036092
official_B,0.75,651,1,1,0.0,0.3926087
official_B,0.75,651,1,2,0.0,0.33662468
official_B,0.75,651,2,0,3.0,4.2245708
official_B,0.75,651,2,1,74.0,64.351074
official_B,0.75,651,2,2,22.0,30.655697
official_B,0.75,651,3,0,25.0,37.782406
official_B,0.75,651,3,1,107.0,81.63344
official_B,0.75,651,3,2,56.0,58.86349
official_B,0.75,651,4,0,19.0,18.052055
official_B,0.75,651,4,1,40.0,27.880022
official_B,0.75,651,4,2,39.0,33.885178
official_B,0.75,651,5,0,20.0,12.326887
official_B,0.75,651,5,1,20.0,10.494839
official_B,0.75,651,5,2,22.0,10.25503
official_B,0.75,744,0,0,0.0,0.38561428
official_B,0.75,744,0,1,0.0,0.044717215
official_B,0.75,744,0,2,0.0,0.14640546
official_B,0.75,744,1,0,0.0,0.29526222
official_B,0.75,744,1,1,0.0,1.1584516
official_B,0.75,744,1,2,0.0,1.1161631
official_B,0.75,744,2,0,0.0,2.936819
official_B,0.75,744,2,1,44.0,50.468056
official_B,0.75,744,2,2,21.0,32.87336
official_B,0.75,744,3,0,25.0,36.244324
official_B,0.75,744,3,1,106.0,91.131424
official_B,0.75,744,3,2,54.0,69.21425
official_B,0.75,744,4,0,23.0,21.35173
official_B,0.75,744,4,1,46.0,27.039154
official_B,0.75,744,4,2,36.0,33.31681
official_B,0.75,744,5,0,20.0,13.878307
official_B,0.75,744,5,1,17.0,10.014908
official_B,0.75,744,5,2,21.0,9.134589
official_B,0.75,837,0,0,0.0,0.4195208
official_B,0.75,837,0,1,0.0,0.060269237
official_B,0.75,837,0,2,0.0,0.08118934
official_B,0.75,837,1,0,0.0,0.38017052
official_B,0.75,837,1,1,0.0,2.4358544
official_B,0.75,837,1,2,0.0,0.7418913
official_B,0.75,837,2,0,9.0,6.9448557
official_B,0.75,837,2,1,78.0,72.87573
official_B,0.75,837,2,2,26.0,33.191395
official_B,0.75,837,3,0,23.0,38.658096
official_B,0.75,837,3,1,102.0,82.79819
official_B,0.75,837,3,2,57.0,62.739147
official_B,0.75,837,4,0,18.0,16.73719
official_B,0.75,837,4,1,42.0,29.849411
official_B,0.75,837,4,2,36.0,29.336725
official_B,0.75,837,5,0,20.0,15.871695
official_B,0.75,837,5,1,17.0,10.22342
official_B,0.75,837,5,2,21.0,10.003315
official_B,0.75,930,0,0,0.0,0.40142885
official_B,0.75,930,0,1,0.0,0.062230565
official_B,0.75,930,0,2,0.0,0.07508187
official_B,0.75,930,1,0,0.0,0.49707133
official_B,0.75,930,1,1,0.0,0.7938379
official_B,0.75,930,1,2,0.0,1.0225097
official_B,0.75,930,2,0,5.0,10.654432
official_B,0.75,930,2,1,88.0,114.11278
official_B,0.75,930,2,2,23.0,37.83667
official_B,0.75,930,3,0,25.0,38.501743
official_B,0.75,930,3,1,94.0,77.63054
official_B,0.75,930,3,2,55.0,63.783382
official_B,0.75,930,4,0,22.0,19.150028
official_B,0.75,930,4,1,43.0,32.21705
official_B,0.75,930,4,2,33.0,30.32487
official_B,0.75,930,5,0,17.0,15.691493
official_B,0.75,930,5,1,17.0,12.884001
official_B,0.75,930,5,2,19.0,10.232733
official_B,0.75,1023,0,0,0.0,0.38945088
official_B,0.75,1023,0,1,0.0,0.08832075
official_B,0.75,1023,0,2,0.0,0.095190115
official_B,0.75,1023,1,0,0.0,0.7443586
official_B,0.75,1023,1,1,0.0,1.204156
official_B,0.75,1023,1,2,0.0,0.6549833
official_B,0.75,1023,2,0,3.0,6.6317463
official_B,0.75,1023,2,1,91.0,109.70894
official_B,0.75,1023,2,2,24.0,32.87668
official_B,0.75,1023,3,0,22.0,35.713764
official_B,0.75,1023,3,1,93.0,80.759186
official_B,0.75,1023,3,2,59.0,58.78574
official_B,0.75,1023,4,0,23.0,18.480217
official_B,0.75,1023,4,1,42.0,36.763313
official_B,0.75,1023,4,2,33.0,33.593506
official_B,0.75,1023,5,0,20.0,12.70567
official_B,0.75,1023,5,1,16.0,10.236317
official_B,0.75,1023,5,2,26.0,12.726331
official_B,0.75,1116,0,0,0.0,0.3630671
official_B,0.75,1116,0,1,0.0,0.030998603
official_B,0.75,1116,0,2,0.0,0.10837195
official_B,0.75,1116,1,0,0.0,0.8753321
official_B,0.75,1116,1,1,0.0,1.7346904
official_B,0.75,1116,1,2,0.0,0.84269977
official_B,0.75,1116,2,0,4.0,5.4521847
official_B,0.75,1116,2,1,75.0,104.62762
official_B,0.75,1116,2,2,22.0,34.466633
official_B,0.75,1116,3,0,27.0,41.955032
official_B,0.75,1116,3,1,90.0,87.6655
official_B,0.75,1116,3,2,56.0,59.308704
official_B,0.75,1116,4,0,21.0,18.00251
official_B,0.75,1116,4,1,44.0,33.997005
official_B,0.75,1116,4,2,35.0,32.471138
official_B,0.75,1116,5,0,22.0,13.349472
official_B,0.75,1116,5,1,18.0,10.60891
official_B,0.75,1116,5,2,20.0,12.933316
official_B,0.75,1209,0,0,0.0,0.3238001
official_B,0.75,1209,0,1,0.0,-0.0129394345
official_B,0.75,1209,0,2,0.0,0.086357504
official_B,0.75,1209,1,0,0.0,0.8430819
official_B,0.75,1209,1,1,0.0,3.0395603
official_B,0.75,1209,1,2,0.0,0.49489793
official_B,0.75,1209,2,0,9.0,12.360405
official_B,0.75,1209,2,1,107.0,164.56177
official_B,0.75,1209,2,2,24.0,42.87053
official_B,0.75,1209,3,0,22.0,51.012833
official_B,0.75,1209,3,1,92.0,78.719864
official_B,0.75,1209,3,2,59.0,64.97281
official_B,0.75,1209,4,0,25.0,15.756235
official_B,0.75,1209,4,1,42.0,28.705673
official_B,0.75,1209,4,2,39.0,32.09114
official_B,0.75,1209,5,0,16.0,16.204062
official_B,0.75,1209,5,1,19.0,12.994505
official_B,0.75,1209,5,2,19.0,15.585572
official_B,0.75,1302,0,0,0.0,0.3792224
official_B,0.75,1302,0,1,0.0,0.0281646
official_B,0.75,1302,0,2,0.0,0.09755549
official_B,0.75,1302,1,0,0.0,1.2818956
official_B,0.75,1302,1,1,0.0,4.7202864
official_B,0.75,1302,1,2,0.0,0.37212384
official_B,0.75,1302,2,0,5.0,9.522142
official_B,0.75,1302,2,1,89.0,105.12321
official_B,0.75,1302,2,2,24.0,38.84665
official_B,0.75,1302,3,0,26.0,41.443108
official_B,0.75,1302,3,1,94.0,86.53931
official_B,0.75,1302,3,2,58.0,58.56681
official_B,0.75,1302,4,0,16.0,16.099043
official_B,0.75,1302,4,1,44.0,26.151752
official_B,0.75,1302,4,2,35.0,33.57482
official_B,0.75,1302,5,0,22.0,14.556921
official_B,0.75,1302,5,1,21.0,15.2541485
official_B,0.75,1302,5,2,26.0,14.452688
ours_B,0.5,0,0,0,0.0,-0.3100793
ours_B,0.5,0,0,1,0.0,0.47632873
ours_B,0.5,0,0,2,0.0,-0.06114015
ours_B,0.5,0,1,0,12.0,20.204363
ours_B,0.5,0,1,1,62.0,70.52875
ours_B,0.5,0,1,2,3.0,12.331584
ours_B,0.5,0,2,0,21.0,42.38961
ours_B,0.5,0,2,1,125.0,141.09608
ours_B,0.5,0,2,2,54.0,69.09503
ours_B,0.5,0,3,0,26.0,31.59789
ours_B,0.5,0,3,1,64.0,69.58292
ours_B,0.5,0,3,2,45.0,50.882538
ours_B,0.5,0,4,0,23.0,21.557732
ours_B,0.5,0,4,1,31.0,22.737457
ours_B,0.5,0,4,2,29.0,25.497076
ours_B,0.5,0,5,0,10.0,5.254316
ours_B,0.5,0,5,1,15.0,7.034957
ours_B,0.5,0,5,2,15.0,6.5045147
ours_B,0.5,93,0,0,0.0,0.024996907
ours_B,0.5,93,0,1,0.0,0.95082885
ours_B,0.5,93,0,2,0.0,-0.058476225
ours_B,0.5,93,1,0,1.0,2.3387654
ours_B,0.5,93,1,1,5.0,0.013345512
ours_B,0.5,93,1,2,1.0,10.63598
ours_B,0.5,93,2,0,21.0,41.389977
ours_B,0.5,93,2,1,112.0,132.99019
ours_B,0.5,93,2,2,48.0,74.22484
ours_B,0.5,93,3,0,28.0,36.127144
ours_B,0.5,93,3,1,56.0,67.28418
ours_B,0.5,93,3,2,41.0,53.84691
ours_B,0.5,93,4,0,22.0,20.718853
ours_B,0.5,93,4,1,28.0,24.20496
ours_B,0.5,93,4,2,29.0,28.049126
ours_B,0.5,93,5,0,11.0,4.538796
ours_B,0.5,93,5,1,18.0,10.116368
ours_B,0.5,93,5,2,19.0,10.404724
ours_B,0.5,186,0,0,0.0,-0.24470887
ours_B,0.5,186,0,1,0.0,1.6947175
ours_B,0.5,186,0,2,0.0,-0.18398353
ours_B,0.5,186,1,0,5.0,6.886391
ours_B,0.5,186,1,1,33.0,19.937325
ours_B,0.5,186,1,2,0.0,8.739916
ours_B,0.5,186,2,0,18.0,30.429096
ours_B,0.5,186,2,1,126.0,134.88977
ours_B,0.5,186,2,2,54.0,68.231155
ours_B,0.5,186,3,0,29.0,35.144547
ours_B,0.5,186,3,1,70.0,73.303085
ours_B,0.5,186,3,2,39.0,55.72621
ours_B,0.5,186,4,0,23.0,21.706821
ours_B,0.5,186,4,1,29.0,27.22098
ours_B,0.5,186,4,2,30.0,29.87127
ours_B,0.5,186,5,0,11.0,5.4472876
ours_B,0.5,186,5,1,19.0,7.759205
ours_B,0.5,186,5,2,17.0,7.7215548
ours_B,0.5,279,0,0,0.0,-0.5480754
ours_B,0.5,279,0,1,0.0,0.7466882
ours_B,0.5,279,0,2,0.0,-0.23861793
ours_B,0.5,279,1,0,0.0,0.32392406
ours_B,0.5,279,1,1,0.0,0.10577402
ours_B,0.5,279,1,2,0.0,0.41192913
ours_B,0.5,279,2,0,4.0,20.162882
ours_B,0.5,279,2,1,110.0,106.228165
ours_B,0.5,279,2,2,47.0,54.013023
ours_B,0.5,279,3,0,30.0,32.64118
ours_B,0.5,279,3,1,81.0,82.80777
ours_B,0.5,279,3,2,48.0,70.852844
ours_B,0.5,279,4,0,21.0,26.079594
ours_B,0.5,279,4,1,33.0,33.657707
ours_B,0.5,279,4,2,30.0,38.38858
ours_B,0.5,279,5,0,15.0,6.7912664
ours_B,0.5,279,5,1,16.0,11.285819
ours_B,0.5,279,5,2,19.0,9.72281
ours_B,0.5,372,0,0,0.0,-0.5774034
ours_B,0.5,372,0,1,0.0,0.5194715
ours_B,0.5,372,0,2,0.0,-0.2711852
ours_B,0.5,372,1,0,0.0,-0.29631448
ours_B,0.5,372,1,1,0.0,2.01009
ours_B,0.5,372,1,2,0.0,0.47583073
ours_B,0.5,372,2,0,3.0,3.2082336
ours_B,0.5,372,2,1,66.0,42.248013
ours_B,0.5,372,2,2,25.0,30.441158
ours_B,0.5,372,3,0,29.0,38.253696
ours_B,0.5,372,3,1,102.0,109.103546
ours_B,0.5,372,3,2,62.0,85.72317
ours_B,0.5,372,4,0,21.0,21.421816
ours_B,0.5,372,4,1,37.0,39.070457
ours_B,0.5,372,4,2,38.0,55.577705
ours_B,0.5,372,5,0,17.0,9.573138
ours_B,0.5,372,5,1,18.0,9.361434
ours_B,0.5,372,5,2,20.0,12.400406
ours_B,0.5,465,0,0,0.0,-0.53564864
ours_B,0.5,465,0,1,0.0,0.47198164
ours_B,0.5,465,0,2,0.0,-0.29352412
ours_B,0.5,465,1,0,0.0,-0.030841395
ours_B,0.5,465,1,1,0.0,0.6693424
ours_B,0.5,465,1,2,0.0,-0.07887256
ours_B,0.5,465,2,0,0.0,4.3376064
ours_B,0.5,465,2,1,43.0,29.182747
ours_B,0.5,465,2,2,21.0,25.843426
ours_B,0.5,465,3,0,22.0,37.011497
ours_B,0.5,465,3,1,100.0,104.93145
ours_B,0.5,465,3,2,55.0,83.38411
ours_B,0.5,465,4,0,19.0,16.360378
ours_B,0.5,465,4,1,43.0,39.100433
ours_B,0.5,465,4,2,39.0,50.815865
ours_B,0.5,465,5,0,21.0,12.873507
ours_B,0.5,465,5,1,17.0,12.19204
ours_B,0.5,465,5,2,21.0,11.85823
ours_B,0.5,558,0,0,0.0,-0.6143304
ours_B,0.5,558,0,1,0.0,0.48999253
ours_B,0.5,558,0,2,0.0,-0.29220665
ours_B,0.5,558,1,0,0.0,-0.13346049
ours_B,0.5,558,1,1,0.0,0.6182079
ours_B,0.5,558,1,2,0.0,-0.07694608
ours_B,0.5,558,2,0,7.0,11.446707
ours_B,0.5,558,2,1,108.0,94.33401
ours_B,0.5,558,2,2,29.0,32.04133
ours_B,0.5,558,3,0,22.0,37.5446
ours_B,0.5,558,3,1,99.0,98.33011
ours_B,0.5,558,3,2,61.0,73.67464
ours_B,0.5,558,4,0,19.0,16.225952
ours_B,0.5,558,4,1,42.0,41.754807
ours_B,0.5,558,4,2,40.0,48.76667
ours_B,0.5,558,5,0,21.0,13.116298
ours_B,0.5,558,5,1,19.0,13.015551
ours_B,0.5,558,5,2,21.0,12.694283
ours_B,0.5,651,0,0,0.0,-0.5248212
ours_B,0.5,651,0,1,0.0,0.37152472
ours_B,0.5,651,0,2,0.0,-0.31627694
ours_B,0.5,651,1,0,0.0,-0.2484525
ours_B,0.5,651,1,1,0.0,0.2687098
ours_B,0.5,651,1,2,0.0,-0.10292794
ours_B,0.5,651,2,0,3.0,5.8733964
ours_B,0.5,651,2,1,74.0,46.974373
ours_B,0.5,651,2,2,22.0,30.654306
ours_B,0.5,651,3,0,25.0,40.523407
ours_B,0.5,651,3,1,107.0,103.70964
ours_B,0.5,651,3,2,56.0,80.3022
ours_B,0.5,651,4,0,19.0,22.692774
ours_B,0.5,651,4,1,40.0,39.78163
ours_B,0.5,651,4,2,39.0,48.7215
ours_B,0.5,651,5,0,20.0,11.275188
ours_B,0.5,651,5,1,20.0,9.582561
ours_B,0.5,651,5,2,22.0,11.902249
ours_B,0.5,744,0,0,0.0,-0.47680116
ours_B,0.5,744,0,1,0.0,0.42960992
ours_B,0.5,744,0,2,0.0,-0.32403287
ours_B,0.5,744,1,0,0.0,-0.17955728
ours_B,0.5,744,1,1,0.0,1.3156896
ours_B,0.5,744,1,2,0.0,0.58402526
ours_B,0.5,744,2,0,0.0,4.572382
ours_B,0.5,744,2,1,44.0,38.703415
ours_B,0.5,744,2,2,21.0,34.34545
ours_B,0.5,744,3,0,25.0,44.55313
ours_B,0.5,744,3,1,106.0,102.50757
ours_B,0.5,744,3,2,54.0,80.51367
ours_B,0.5,744,4,0,23.0,21.747112
ours_B,0.5,744,4,1,46.0,36.831978
ours_B,0.5,744,4,2,36.0,46.358215
ours_B,0.5,744,5,0,20.0,14.374212
ours_B,0.5,744,5,1,17.0,10.70277
ours_B,0.5,744,5,2,21.0,10.875143
ours_B,0.5,837,0,0,0.0,-0.52731574
ours_B,0.5,837,0,1,0.0,0.39634463
ours_B,0.5,837,0,2,0.0,-0.33770633
ours_B,0.5,837,1,0,0.0,-0.06855935
ours_B,0.5,837,1,1,0.0,0.949193
ours_B,0.5,837,1,2,0.0,0.21853893
ours_B,0.5,837,2,0,9.0,8.631563
ours_B,0.5,837,2,1,78.0,54.841927
ours_B,0.5,837,2,2,26.0,33.204712
ours_B,0.5,837,3,0,23.0,48.833763
ours_B,0.5,837,3,1,102.0,108.91258
ours_B,0.5,837,3,2,57.0,76.22023
ours_B,0.5,837,4,0,18.0,20.849766
ours_B,0.5,837,4,1,42.0,43.108284
ours_B,0.5,837,4,2,36.0,44.458393
ours_B,0.5,837,5,0,20.0,17.085302
ours_B,0.5,837,5,1,17.0,14.116209
ours_B,0.5,837,5,2,21.0,11.62373
ours_B,0.5,930,0,0,0.0,-0.5711141
ours_B,0.5,930,0,1,0.0,0.49867347
ours_B,0.5,930,0,2,0.0,-0.30900586
ours_B,0.5,930,1,0,0.0,0.089029655
ours_B,0.5,930,1,1,0.0,0.97441936
ours_B,0.5,930,1,2,0.0,0.711399
ours_B,0.5,930,2,0,5.0,13.967871
ours_B,0.5,930,2,1,88.0,75.19402
ours_B,0.5,930,2,2,23.0,39.37612
ours_B,0.5,930,3,0,25.0,46.80773
ours_B,0.5,930,3,1,94.0,93.36139
ours_B,0.5,930,3,2,55.0,77.046486
ours_B,0.5,930,4,0,22.0,23.143324
ours_B,0.5,930,4,1,43.0,47.980793
ours_B,0.5,930,4,2,33.0,42.43143
ours_B,0.5,930,5,0,17.0,15.490984
ours_B,0.5,930,5,1,17.0,13.490175
ours_B,0.5,930,5,2,19.0,9.167124
ours_B,0.5,1023,0,0,0.0,-0.50273377
ours_B,0.5,1023,0,1,0.0,0.37869257
ours_B,0.5,1023,0,2,0.0,-0.34197146
ours_B,0.5,1023,1,0,0.0,0.17141291
ours_B,0.5,1023,1,1,0.0,0.7226261
ours_B,0.5,1023,1,2,0.0,0.1736123
ours_B,0.5,1023,2,0,3.0,6.9879503
ours_B,0.5,1023,2,1,91.0,77.24966
ours_B,0.5,1023,2,2,24.0,34.283405
ours_B,0.5,1023,3,0,22.0,43.294098
ours_B,0.5,1023,3,1,93.0,105.067474
ours_B,0.5,1023,3,2,59.0,76.597855
ours_B,0.5,1023,4,0,23.0,20.709015
ours_B,0.5,1023,4,1,42.0,53.139492
ours_B,0.5,1023,4,2,33.0,41.89469
ours_B,0.5,1023,5,0,20.0,14.917937
ours_B,0.5,1023,5,1,16.0,11.032374
ours_B,0.5,1023,5,2,26.0,14.365068
ours_B,0.5,1116,0,0,0.0,-0.5327345
ours_B,0.5,1116,0,1,0.0,0.45136374
ours_B,0.5,1116,0,2,0.0,-0.31184834
ours_B,0.5,1116,1,0,0.0,0.22738966
ours_B,0.5,1116,1,1,0.0,2.0507643
ours_B,0.5,1116,1,2,0.0,0.45427722
ours_B,0.5,1116,2,0,4.0,8.799131
ours_B,0.5,1116,2,1,75.0,67.41011
ours_B,0.5,1116,2,2,22.0,35.349873
ours_B,0.5,1116,3,0,27.0,45.276672
ours_B,0.5,1116,3,1,90.0,97.38981
ours_B,0.5,1116,3,2,56.0,75.31419
ours_B,0.5,1116,4,0,21.0,23.060802
ours_B,0.5,1116,4,1,44.0,50.37812
ours_B,0.5,1116,4,2,35.0,46.081795
ours_B,0.5,1116,5,0,22.0,13.95064
ours_B,0.5,1116,5,1,18.0,11.802876
ours_B,0.5,1116,5,2,20.0,15.222485
ours_B,0.5,1209,0,0,0.0,-0.5178372
ours_B,0.5,1209,0,1,0.0,0.43005365
ours_B,0.5,1209,0,2,0.0,-0.32582873
ours_B,0.5,1209,1,0,0.0,0.23820841
ours_B,0.5,1209,1,1,0.0,1.6432564
ours_B,0.5,1209,1,2,0.0,0.3097854
ours_B,0.5,1209,2,0,9.0,14.82799
ours_B,0.5,1209,2,1,107.0,85.05896
ours_B,0.5,1209,2,2,24.0,36.43423
ours_B,0.5,1209,3,0,22.0,47.26797
ours_B,0.5,1209,3,1,92.0,83.393234
ours_B,0.5,1209,3,2,59.0,71.13686
ours_B,0.5,1209,4,0,25.0,19.56958
ours_B,0.5,1209,4,1,42.0,44.54352
ours_B,0.5,1209,4,2,39.0,48.53411
ours_B,0.5,1209,5,0,16.0,17.578365
ours_B,0.5,1209,5,1,19.0,12.844046
ours_B,0.5,1209,5,2,19.0,16.589321
ours_B,0.5,1302,0,0,0.0,-0.55355096
ours_B,0.5,1302,0,1,0.0,0.36148527
ours_B,0.5,1302,0,2,0.0,-0.34396037
ours_B,0.5,1302,1,0,0.0,0.36618656
ours_B,0.5,1302,1,1,0.0,1.8736086
ours_B,0.5,1302,1,2,0.0,-0.16641274
ours_B,0.5,1302,2,0,5.0,12.621021
ours_B,0.5,1302,2,1,89.0,71.7405
ours_B,0.5,1302,2,2,24.0,33.684856
ours_B,0.5,1302,3,0,26.0,46.790146
ours_B,0.5,1302,3,1,94.0,91.45163
ours_B,0.5,1302,3,2,58.0,73.31311
ours_B,0.5,1302,4,0,16.0,20.215363
ours_B,0.5,1302,4,1,44.0,34.45269
ours_B,0.5,1302,4,2,35.0,43.257713
ours_B,0.5,1302,5,0,22.0,13.428872
ours_B,0.5,1302,5,1,21.0,15.221653
ours_B,0.5,1302,5,2,26.0,14.369141
ours_B,0.75,0,0,0,0.0,-0.57843393
ours_B,0.75,0,0,1,0.0,0.8775036
ours_B,0.75,0,0,2,0.0,0.12979737
ours_B,0.75,0,1,0,12.0,27.459515
ours_B,0.75,0,1,1,62.0,129.30777
ours_B,0.75,0,1,2,3.0,13.729366
ours_B,0.75,0,2,0,21.0,54.592014
ours_B,0.75,0,2,1,125.0,170.43484
ours_B,0.75,0,2,2,54.0,69.31427
ours_B,0.75,0,3,0,26.0,28.665703
ours_B,0.75,0,3,1,64.0,71.470825
ours_B,0.75,0,3,2,45.0,48.72336
ours_B,0.75,0,4,0,23.0,20.935009
ours_B,0.75,0,4,1,31.0,19.978712
ours_B,0.75,0,4,2,29.0,21.032871
ours_B,0.75,0,5,0,10.0,7.1188793
ours_B,0.75,0,5,1,15.0,9.078001
ours_B,0.75,0,5,2,15.0,7.0948257
ours_B,0.75,93,0,0,0.0,-0.027195364
ours_B,0.75,93,0,1,0.0,1.3764799
ours_B,0.75,93,0,2,0.0,0.39368737
ours_B,0.75,93,1,0,1.0,2.3768332
ours_B,0.75,93,1,1,5.0,4.89736
ours_B,0.75,93,1,2,1.0,10.576498
ours_B,0.75,93,2,0,21.0,44.29359
ours_B,0.75,93,2,1,112.0,156.50366
ours_B,0.75,93,2,2,48.0,68.862076
ours_B,0.75,93,3,0,28.0,29.292114
ours_B,0.75,93,3,1,56.0,62.720703
ours_B,0.75,93,3,2,41.0,52.14914
ours_B,0.75,93,4,0,22.0,17.844408
ours_B,0.75,93,4,1,28.0,19.53579
ours_B,0.75,93,4,2,29.0,24.982254
ours_B,0.75,93,5,0,11.0,6.2509813
ours_B,0.75,93,5,1,18.0,8.929189
ours_B,0.75,93,5,2,19.0,10.371075
ours_B,0.75,186,0,0,0.0,-0.31344503
ours_B,0.75,186,0,1,0.0,1.6575809
ours_B,0.75,186,0,2,0.0,-0.045689628
ours_B,0.75,186,1,0,5.0,7.1439314
ours_B,0.75,186,1,1,33.0,26.229155
ours_B,0.75,186,1,2,0.0,10.41725
ours_B,0.75,186,2,0,18.0,35.247643
ours_B,0.75,186,2,1,126.0,165.47665
ours_B,0.75,186,2,2,54.0,70.527954
ours_B,0.75,186,3,0,29.0,30.27809
ours_B,0.75,186,3,1,70.0,73.44314
ours_B,0.75,186,3,2,39.0,55.138645
ours_B,0.75,186,4,0,23.0,18.678381
ours_B,0.75,186,4,1,29.0,22.595821
ours_B,0.75,186,4,2,30.0,25.32357
ours_B,0.75,186,5,0,11.0,7.638604
ours_B,0.75,186,5,1,19.0,9.835378
ours_B,0.75,186,5,2,17.0,8.51236
ours_B,0.75,279,0,0,0.0,-0.59472567
ours_B,0.75,279,0,1,0.0,1.8230884
ours_B,0.75,279,0,2,0.0,0.04221516
ours_B,0.75,279,1,0,0.0,0.07056537
ours_B,0.75,279,1,1,0.0,0.107421845
ours_B,0.75,279,1,2,0.0,0.22105446
ours_B,0.75,279,2,0,4.0,25.066051
ours_B,0.75,279,2,1,110.0,135.65941
ours_B,0.75,279,2,2,47.0,63.622036
ours_B,0.75,279,3,0,30.0,34.216545
ours_B,0.75,279,3,1,81.0,87.97712
ours_B,0.75,279,3,2,48.0,72.31224
ours_B,0.75,279,4,0,21.0,22.602127
ours_B,0.75,279,4,1,33.0,27.482115
ours_B,0.75,279,4,2,30.0,29.53229
ours_B,0.75,279,5,0,15.0,7.4579186
ours_B,0.75,279,5,1,16.0,11.271015
ours_B,0.75,279,5,2,19.0,8.411179
ours_B,0.75,372,0,0,0.0,-0.5413345
ours_B,0.75,372,0,1,0.0,1.5429387
ours_B,0.75,372,0,2,0.0,-0.23970078
ours_B,0.75,372,1,0,0.0,-0.37506577
ours_B,0.75,372,1,1,0.0,2.7773013
ours_B,0.75,372,1,2,0.0,0.7514345
ours_B,0.75,372,2,0,3.0,7.2887073
ours_B,0.75,372,2,1,66.0,68.40066
ours_B,0.75,372,2,2,25.0,38.49868
ours_B,0.75,372,3,0,29.0,45.618465
ours_B,0.75,372,3,1,102.0,122.94723
ours_B,0.75,372,3,2,62.0,84.4509
ours_B,0.75,372,4,0,21.0,20.580349
ours_B,0.75,372,4,1,37.0,35.276665
ours_B,0.75,372,4,2,38.0,47.71427
ours_B,0.75,372,5,0,17.0,11.892426
ours_B,0.75,372,5,1,18.0,10.1620245
ours_B,0.75,372,5,2,20.0,12.471428
ours_B,0.75,465,0,0,0.0,-0.5049123
ours_B,0.75,465,0,1,0.0,1.3888719
ours_B,0.75,465,0,2,0.0,-0.17532408
ours_B,0.75,465,1,0,0.0,-0.090390205
ours_B,0.75,465,1,1,0.0,1.4231479
ours_B,0.75,465,1,2,0.0,-0.1072529
ours_B,0.75,465,2,0,0.0,7.0069838
ours_B,0.75,465,2,1,43.0,45.23177
ours_B,0.75,465,2,2,21.0,34.77004
ours_B,0.75,465,3,0,22.0,46.41758
ours_B,0.75,465,3,1,100.0,121.46393
ours_B,0.75,465,3,2,55.0,89.009415
ours_B,0.75,465,4,0,19.0,15.299633
ours_B,0.75,465,4,1,43.0,34.831367
ours_B,0.75,465,4,2,39.0,42.694687
ours_B,0.75,465,5,0,21.0,13.254523
ours_B,0.75,465,5,1,17.0,11.961208
ours_B,0.75,465,5,2,21.0,11.455242
ours_B,0.75,558,0,0,0.0,-0.5637264
ours_B,0.75,558,0,1,0.0,1.4120425
ours_B,0.75,558,0,2,0.0,-0.21142274
ours_B,0.75,558,1,0,0.0,-0.23944142
ours_B,0.75,558,1,1,0.0,0.9515389
ours_B,0.75,558,1,2,0.0,-0.006614182
ours_B,0.75,558,2,0,7.0,16.914381
ours_B,0.75,558,2,1,108.0,139.28033
ours_B,0.75,558,2,2,29.0,41.115406
ours_B,0.75,558,3,0,22.0,48.341812
ours_B,0.75,558,3,1,99.0,119.69547
ours_B,0.75,558,3,2,61.0,82.326485
ours_B,0.75,558,4,0,19.0,16.850403
ours_B,0.75,558,4,1,42.0,32.429443
ours_B,0.75,558,4,2,40.0,44.17753
ours_B,0.75,558,5,0,21.0,12.721919
ours_B,0.75,558,5,1,19.0,13.73345
ours_B,0.75,558,5,2,21.0,11.538831
ours_B,0.75,651,0,0,0.0,-0.5703122
ours_B,0.75,651,0,1,0.0,1.4039392
ours_B,0.75,651,0,2,0.0,-0.21262142
ours_B,0.75,651,1,0,0.0,-0.37554
ours_B,0.75,651,1,1,0.0,0.92471856
ours_B,0.75,651,1,2,0.0,-0.09860715
ours_B,0.75,651,2,0,3.0,8.557819
ours_B,0.75,651,2,1,74.0,70.60646
ours_B,0.75,651,2,2,22.0,34.459526
ours_B,0.75,651,3,0,25.0,50.64796
ours_B,0.75,651,3,1,107.0,117.8612
ours_B,0.75,651,3,2,56.0,80.20346
ours_B,0.75,651,4,0,19.0,21.193195
ours_B,0.75,651,4,1,40.0,34.79431
ours_B,0.75,651,4,2,39.0,42.673813
ours_B,0.75,651,5,0,20.0,12.379602
ours_B,0.75,651,5,1,20.0,12.612607
ours_B,0.75,651,5,2,22.0,11.832491
ours_B,0.75,744,0,0,0.0,-0.47631913
ours_B,0.75,744,0,1,0.0,1.3990409
ours_B,0.75,744,0,2,0.0,-0.14693704
ours_B,0.75,744,1,0,0.0,-0.31938523
ours_B,0.75,744,1,1,0.0,2.74143
ours_B,0.75,744,1,2,0.0,1.3872498
ours_B,0.75,744,2,0,0.0,6.749192
ours_B,0.75,744,2,1,44.0,55.32087
ours_B,0.75,744,2,2,21.0,38.050762
ours_B,0.75,744,3,0,25.0,54.682495
ours_B,0.75,744,3,1,106.0,121.283936
ours_B,0.75,744,3,2,54.0,86.08115
ours_B,0.75,744,4,0,23.0,22.169697
ours_B,0.75,744,4,1,46.0,30.038784
ours_B,0.75,744,4,2,36.0,35.622993
ours_B,0.75,744,5,0,20.0,14.20739
ours_B,0.75,744,5,1,17.0,12.089955
ours_B,0.75,744,5,2,21.0,9.672859
ours_B,0.75,837,0,0,0.0,-0.54195744
ours_B,0.75,837,0,1,0.0,1.2471645
ours_B,0.75,837,0,2,0.0,-0.19903883
ours_B,0.75,837,1,0,0.0,-0.20918226
ours_B,0.75,837,1,1,0.0,2.845861
ours_B,0.75,837,1,2,0.0,0.9072298
ours_B,0.75,837,2,0,9.0,12.184163
ours_B,0.75,837,2,1,78.0,86.16428
ours_B,0.75,837,2,2,26.0,39.030197
ours_B,0.75,837,3,0,23.0,52.004074
ours_B,0.75,837,3,1,102.0,127.68137
ours_B,0.75,837,3,2,57.0,80.60002
ours_B,0.75,837,4,0,18.0,19.720158
ours_B,0.75,837,4,1,42.0,33.657234
ours_B,0.75,837,4,2,36.0,37.981804
ours_B,0.75,837,5,0,20.0,15.494266
ours_B,0.75,837,5,1,17.0,12.138503
ours_B,0.75,837,5,2,21.0,10.064526
ours_B,0.75,930,0,0,0.0,-0.48363018
ours_B,0.75,930,0,1,0.0,1.3213137
ours_B,0.75,930,0,2,0.0,-0.21365616
ours_B,0.75,930,1,0,0.0,-0.22744894
ours_B,0.75,930,1,1,0.0,1.9012907
ours_B,0.75,930,1,2,0.0,1.4985604
ours_B,0.75,930,2,0,5.0,21.616669
ours_B,0.75,930,2,1,88.0,112.85712
ours_B,0.75,930,2,2,23.0,44.9487
ours_B,0.75,930,3,0,25.0,53.0395
ours_B,0.75,930,3,1,94.0,110.54698
ours_B,0.75,930,3,2,55.0,85.61067
ours_B,0.75,930,4,0,22.0,23.676842
ours_B,0.75,930,4,1,43.0,36.896202
ours_B,0.75,930,4,2,33.0,37.693344
ours_B,0.75,930,5,0,17.0,15.302084
ours_B,0.75,930,5,1,17.0,13.602896
ours_B,0.75,930,5,2,19.0,8.498521
ours_B,0.75,1023,0,0,0.0,-0.52080107
ours_B,0.75,1023,0,1,0.0,1.2885047
ours_B,0.75,1023,0,2,0.0,-0.23559016
ours_B,0.75,1023,1,0,0.0,0.08042726
ours_B,0.75,1023,1,1,0.0,1.429949
ours_B,0.75,1023,1,2,0.0,0.62681437
ours_B,0.75,1023,2,0,3.0,12.2968
ours_B,0.75,1023,2,1,91.0,111.6245
ours_B,0.75,1023,2,2,24.0,41.575966
ours_B,0.75,1023,3,0,22.0,51.454613
ours_B,0.75,1023,3,1,93.0,117.284966
ours_B,0.75,1023,3,2,59.0,81.54001
ours_B,0.75,1023,4,0,23.0,20.403793
ours_B,0.75,1023,4,1,42.0,41.676723
ours_B,0.75,1023,4,2,33.0,37.743774
ours_B,0.75,1023,5,0,20.0,14.74606
ours_B,0.75,1023,5,1,16.0,11.621511
ours_B,0.75,1023,5,2,26.0,12.590719
ours_B,0.75,1116,0,0,0.0,-0.50609964
ours_B,0.75,1116,0,1,0.0,1.3263848
ours_B,0.75,1116,0,2,0.0,-0.26431376
ours_B,0.75,1116,1,0,0.0,0.14461887
ours_B,0.75,1116,1,1,0.0,2.7314637
ours_B,0.75,1116,1,2,0.0,0.61906517
ours_B,0.75,1116,2,0,4.0,10.948715
ours_B,0.75,1116,2,1,75.0,105.5979
ours_B,0.75,1116,2,2,22.0,42.491096
ours_B,0.75,1116,3,0,27.0,55.089462
ours_B,0.75,1116,3,1,90.0,113.69376
ours_B,0.75,1116,3,2,56.0,82.482376
ours_B,0.75,1116,4,0,21.0,22.302006
ours_B,0.75,1116,4,1,44.0,41.520306
ours_B,0.75,1116,4,2,35.0,38.623062
ours_B,0.75,1116,5,0,22.0,16.113678
ours_B,0.75,1116,5,1,18.0,12.340309
ours_B,0.75,1116,5,2,20.0,12.603717
ours_B,0.75,1209,0,0,0.0,-0.51279616
ours_B,0.75,1209,0,1,0.0,1.412158
ours_B,0.75,1209,0,2,0.0,-0.26863745
ours_B,0.75,1209,1,0,0.0,0.2936266
ours_B,0.75,1209,1,1,0.0,3.0826812
ours_B,0.75,1209,1,2,0.0,0.62438
ours_B,0.75,1209,2,0,9.0,20.048725
ours_B,0.75,1209,2,1,107.0,136.13339
ours_B,0.75,1209,2,2,24.0,41.32992
ours_B,0.75,1209,3,0,22.0,56.25556
ours_B,0.75,1209,3,1,92.0,100.52362
ours_B,0.75,1209,3,2,59.0,75.51903
ours_B,0.75,1209,4,0,25.0,19.552479
ours_B,0.75,1209,4,1,42.0,34.359543
ours_B,0.75,1209,4,2,39.0,36.017365
ours_B,0.75,1209,5,0,16.0,17.9645
ours_B,0.75,1209,5,1,19.0,13.930384
ours_B,0.75,1209,5,2,19.0,14.585502
ours_B,0.75,1302,0,0,0.0,-0.50080943
ours_B,0.75,1302,0,1,0.0,1.3113518
ours_B,0.75,1302,0,2,0.0,-0.22762398
ours_B,0.75,1302,1,0,0.0,0.32703257
ours_B,0.75,1302,1,1,0.0,4.1287045
ours_B,0.75,1302,1,2,0.0,-0.046964377
ours_B,0.75,1302,2,0,5.0,17.549232
ours_B,0.75,1302,2,1,89.0,107.32716
ours_B,0.75,1302,2,2,24.0,38.615047
ours_B,0.75,1302,3,0,26.0,55.208115
ours_B,0.75,1302,3,1,94.0,116.30134
ours_B,0.75,1302,3,2,58.0,80.16179
ours_B,0.75,1302,4,0,16.0,18.367096
ours_B,0.75,1302,4,1,44.0,30.357853
ours_B,0.75,1302,4,2,35.0,39.46823
ours_B,0.75,1302,5,0,22.0,13.972683
ours_B,0.75,1302,5,1,21.0,15.227618
ours_B,0.75,1302,5,2,26.0,12.792038
